id,start_time,end_time
0,19:51:48,21:35:20
1,19:21:39,21:45:53
2,19:20:56,21:18:09
3,19:26:26,21:10:25
4,19:57:34,21:38:56
5,19:03:48,21:46:17
6,19:32:07,21:30:22
7,19:27:57,21:56:54
8,19:47:02,21:03:05
9,19:38:50,21:09:09
10,19:37:13,21:56:56
11,19:44:49,21:33:08
12,19:07:58,21:58:45
13,19:53:41,21:37:00
14,19:29:52,21:00:37
15,19:32:57,21:17:03
16,19:26:06,21:23:52
17,19:24:30,21:28:21
18,19:26:06,21:06:34
19,19:42:01,21:32:25
20,19:42:53,21:23:40
21,19:16:48,21:52:56
22,19:47:55,21:47:24
23,19:34:34,21:23:29
24,19:44:52,21:41:45
25,19:38:38,21:45:33
26,19:31:55,21:16:26
27,19:49:38,21:01:31
28,19:55:55,21:52:35
29,19:28:06,21:10:37
30,19:55:58,21:26:37
31,19:22:25,21:43:23
32,19:05:58,21:01:28
33,19:57:37,21:22:03
34,19:24:18,21:01:28
35,19:51:41,21:16:05
36,19:26:55,21:16:21
37,19:12:05,21:55:14
38,19:57:16,21:22:29
39,19:07:47,21:05:51
40,19:36:24,21:14:14
41,19:39:12,21:10:16
42,19:15:15,21:26:13
43,19:03:17,21:14:07
44,19:32:41,21:07:50
45,19:56:18,21:13:51
46,19:23:38,21:38:07
47,19:08:45,21:36:42
48,19:55:19,21:22:17
49,19:49:30,21:13:47
50,19:52:11,21:48:01
51,19:29:49,21:17:11
52,19:47:27,21:46:37
53,19:07:35,21:21:54
54,19:01:26,21:32:06
55,19:11:01,21:34:19
56,19:49:10,21:55:11
57,19:02:51,21:37:05
58,19:08:56,21:09:53
59,19:53:39,21:21:05
60,19:12:23,21:04:09
61,19:46:27,21:18:36
62,19:19:16,21:01:32
63,19:58:21,21:43:51
64,19:10:13,21:41:35
65,19:32:03,21:27:34
66,19:52:53,21:28:41
67,19:06:44,21:56:03
68,19:20:29,21:28:33
69,19:43:15,21:48:38
70,19:03:28,21:01:18
71,19:42:20,21:55:46
72,19:21:05,21:52:02
73,19:15:07,21:15:55
74,19:13:26,21:02:14
75,19:24:51,21:58:48
76,19:18:30,21:56:45
77,19:22:46,21:24:07
78,19:05:43,21:21:26
79,19:49:10,21:03:34
80,19:36:08,21:25:10
81,19:00:46,21:14:41
82,19:15:22,21:47:22
83,19:55:13,21:11:38
84,19:38:29,21:27:54
85,19:48:11,21:08:36
86,19:34:58,21:19:47
87,19:23:34,21:58:06
88,19:50:05,21:27:21
89,19:37:33,21:51:00
90,19:28:03,21:12:57
91,19:32:39,21:47:49
92,19:39:49,21:26:07
93,19:30:57,21:33:00
94,19:05:55,21:43:19
95,19:34:56,21:12:26
96,19:08:47,21:42:49
97,19:37:24,21:06:30
98,19:02:34,21:51:36
99,19:46:32,21:10:46
