id,start_time,end_time,accumulated_photons
1,2025.01.01 20:14:16.6,2025.01.01 20:14:26.6,8181286
2,2025.01.01 20:14:30.2,2025.01.01 20:14:40.2,8193841
3,2025.01.01 20:14:30.2,2025.01.01 20:14:40.2,8171688
4,2025.01.01 20:37:09.7,2025.01.01 20:37:14.7,4089838
5,2025.01.01 20:37:16.0,2025.01.01 20:37:21.0,4101608
6,2025.01.01 20:37:16.0,2025.01.01 20:37:21.0,4088469
7,2025.01.01 20:41:11.5,2025.01.01 20:41:16.5,4093123
8,2025.01.01 20:41:21.1,2025.01.01 20:41:26.1,4099050
9,2025.01.01 20:41:21.1,2025.01.01 20:41:26.1,4090671
10,2025.01.01 21:06:43.8,2025.01.01 21:07:43.8,49060928
11,2025.01.01 21:07:46.5,2025.01.01 21:08:46.5,49199512
12,2025.01.01 21:07:46.5,2025.01.01 21:08:46.5,49106299
13,2025.01.01 21:36:27.4,2025.01.01 21:36:28.4,818433
14,2025.01.01 21:36:33.1,2025.01.01 21:36:34.1,821248
15,2025.01.01 21:36:33.1,2025.01.01 21:36:34.1,818116
16,2025.01.01 22:00:47.3,2025.01.01 22:00:57.3,8185799
17,2025.01.01 22:01:01.2,2025.01.01 22:01:11.2,8211467
18,2025.01.01 22:01:01.2,2025.01.01 22:01:11.2,8186740
19,2025.01.01 22:25:13.2,2025.01.01 22:25:23.2,8164323
20,2025.01.01 22:25:26.2,2025.01.01 22:25:36.2,8196557
21,2025.01.01 22:25:26.2,2025.01.01 22:25:36.2,8183702
22,2025.01.01 22:27:07.0,2025.01.01 22:27:12.0,4085165
23,2025.01.01 22:27:16.9,2025.01.01 22:27:21.9,4106678
24,2025.01.01 22:27:16.9,2025.01.01 22:27:21.9,4090058
25,2025.01.01 22:40:32.8,2025.01.01 22:40:37.8,4092266
26,2025.01.01 22:40:41.9,2025.01.01 22:40:46.9,4104023
27,2025.01.01 22:40:41.9,2025.01.01 22:40:46.9,4092791
28,2025.01.01 23:07:54.1,2025.01.01 23:08:54.1,49143365
29,2025.01.01 23:08:57.8,2025.01.01 23:09:57.8,49321040
30,2025.01.01 23:08:57.8,2025.01.01 23:09:57.8,49080219
31,2025.01.01 23:26:43.0,2025.01.01 23:26:44.0,818601
32,2025.01.01 23:26:46.1,2025.01.01 23:26:47.1,820932
33,2025.01.01 23:26:46.1,2025.01.01 23:26:47.1,818645
34,2025.01.01 23:43:21.7,2025.01.01 23:43:26.7,4087559
35,2025.01.01 23:43:31.3,2025.01.01 23:43:36.3,4103322
36,2025.01.01 23:43:31.3,2025.01.01 23:43:36.3,4085172
37,2025.01.01 23:56:58.0,2025.01.01 23:57:58.0,49114516
38,2025.01.01 23:57:59.3,2025.01.01 23:58:59.3,49256709
39,2025.01.01 23:57:59.3,2025.01.01 23:58:59.3,49046599
40,2025.01.02 00:29:59.9,2025.01.02 00:30:04.9,4088423
41,2025.01.02 00:30:07.3,2025.01.02 00:30:12.3,4102098
42,2025.01.02 00:30:07.3,2025.01.02 00:30:12.3,4092283
43,2025.01.02 00:37:12.3,2025.01.02 00:37:22.3,8180143
44,2025.01.02 00:37:26.8,2025.01.02 00:37:36.8,8209149
45,2025.01.02 00:37:26.8,2025.01.02 00:37:36.8,8180456
46,2025.01.02 00:55:48.8,2025.01.02 00:55:53.8,4090689
47,2025.01.02 00:55:57.4,2025.01.02 00:56:02.4,4099196
48,2025.01.02 00:55:57.4,2025.01.02 00:56:02.4,4080958
49,2025.01.02 19:57:37.0,2025.01.02 19:57:42.0,3757835
50,2025.01.02 19:57:43.9,2025.01.02 19:57:48.9,3772098
51,2025.01.02 19:57:43.9,2025.01.02 19:57:48.9,3757251
52,2025.01.02 20:22:44.2,2025.01.02 20:23:44.2,45065553
53,2025.01.02 20:23:49.1,2025.01.02 20:24:49.1,45298574
54,2025.01.02 20:23:49.1,2025.01.02 20:24:49.1,45135101
55,2025.01.02 20:41:58.1,2025.01.02 20:41:59.1,751339
56,2025.01.02 20:42:01.1,2025.01.02 20:42:02.1,754385
57,2025.01.02 20:42:01.1,2025.01.02 20:42:02.1,751105
58,2025.01.02 20:58:22.0,2025.01.02 20:58:23.0,751229
59,2025.01.02 20:58:24.8,2025.01.02 20:58:25.8,753524
60,2025.01.02 20:58:24.8,2025.01.02 20:58:25.8,751197
61,2025.01.02 21:24:59.2,2025.01.02 21:25:09.2,7496518
62,2025.01.02 21:25:10.9,2025.01.02 21:25:20.9,7543273
63,2025.01.02 21:25:10.9,2025.01.02 21:25:20.9,7516762
64,2025.01.02 21:28:54.0,2025.01.02 21:28:55.0,751523
65,2025.01.02 21:28:56.5,2025.01.02 21:28:57.5,754281
66,2025.01.02 21:28:56.5,2025.01.02 21:28:57.5,750778
67,2025.01.02 21:45:31.9,2025.01.02 21:45:36.9,3762908
68,2025.01.02 21:45:41.6,2025.01.02 21:45:46.6,3771182
69,2025.01.02 21:45:41.6,2025.01.02 21:45:46.6,3756897
70,2025.01.02 21:59:29.0,2025.01.02 21:59:39.0,7507167
71,2025.01.02 21:59:43.3,2025.01.02 21:59:53.3,7545250
72,2025.01.02 21:59:43.3,2025.01.02 21:59:53.3,7501349
73,2025.01.02 22:14:07.8,2025.01.02 22:15:07.8,45091830
74,2025.01.02 22:15:11.2,2025.01.02 22:16:11.2,45191725
75,2025.01.02 22:15:11.2,2025.01.02 22:16:11.2,45091795
76,2025.01.02 22:23:31.9,2025.01.02 22:23:41.9,7507372
77,2025.01.02 22:23:46.5,2025.01.02 22:23:56.5,7537403
78,2025.01.02 22:23:46.5,2025.01.02 22:23:56.5,7513023
79,2025.01.02 22:51:03.2,2025.01.02 22:51:13.2,7522346
80,2025.01.02 22:51:16.2,2025.01.02 22:51:26.2,7556680
81,2025.01.02 22:51:16.2,2025.01.02 22:51:26.2,7492751
82,2025.01.02 23:20:44.5,2025.01.02 23:21:44.5,45024274
83,2025.01.02 23:21:46.1,2025.01.02 23:22:46.1,45255645
84,2025.01.02 23:21:46.1,2025.01.02 23:22:46.1,45054118
85,2025.01.02 23:39:43.0,2025.01.02 23:39:44.0,750574
86,2025.01.02 23:39:45.7,2025.01.02 23:39:46.7,754127
87,2025.01.02 23:39:45.7,2025.01.02 23:39:46.7,750314
88,2025.01.03 00:00:48.6,2025.01.03 00:01:48.6,45047592
89,2025.01.03 00:01:49.8,2025.01.03 00:02:49.8,45224517
90,2025.01.03 00:01:49.8,2025.01.03 00:02:49.8,45082487
91,2025.01.03 00:20:52.4,2025.01.03 00:21:02.4,7503599
92,2025.01.03 00:21:06.0,2025.01.03 00:21:16.0,7530419
93,2025.01.03 00:21:06.0,2025.01.03 00:21:16.0,7514559
94,2025.01.03 00:27:34.5,2025.01.03 00:27:44.5,7527719
95,2025.01.03 00:27:46.4,2025.01.03 00:27:56.4,7547509
96,2025.01.03 00:27:46.4,2025.01.03 00:27:56.4,7516424
97,2025.01.03 00:38:21.9,2025.01.03 00:39:21.9,45010437
98,2025.01.03 00:39:23.8,2025.01.03 00:40:23.8,45279600
99,2025.01.03 00:39:23.8,2025.01.03 00:40:23.8,45033925
100,2025.01.03 19:35:43.3,2025.01.03 19:35:48.3,7316675
101,2025.01.03 19:35:51.2,2025.01.03 19:35:56.2,7329453
102,2025.01.03 19:35:51.2,2025.01.03 19:35:56.2,7330985
103,2025.01.03 20:06:00.2,2025.01.03 20:06:10.2,14655342
104,2025.01.03 20:06:11.6,2025.01.03 20:06:21.6,14692076
105,2025.01.03 20:06:11.6,2025.01.03 20:06:21.6,14642552
106,2025.01.03 20:18:08.3,2025.01.03 20:18:18.3,14679618
107,2025.01.03 20:18:22.0,2025.01.03 20:18:32.0,14684429
108,2025.01.03 20:18:22.0,2025.01.03 20:18:32.0,14659798
109,2025.01.03 20:22:30.2,2025.01.03 20:22:31.2,1467181
110,2025.01.03 20:22:32.8,2025.01.03 20:22:33.8,1469000
111,2025.01.03 20:22:32.8,2025.01.03 20:22:33.8,1466470
112,2025.01.03 20:51:41.4,2025.01.03 20:51:46.4,7312618
113,2025.01.03 20:51:50.9,2025.01.03 20:51:55.9,7338936
114,2025.01.03 20:51:50.9,2025.01.03 20:51:55.9,7333943
115,2025.01.03 21:15:38.2,2025.01.03 21:15:43.2,7323818
116,2025.01.03 21:15:48.1,2025.01.03 21:15:53.1,7339591
117,2025.01.03 21:15:48.1,2025.01.03 21:15:53.1,7338076
118,2025.01.03 21:34:09.1,2025.01.03 21:34:10.1,1467811
119,2025.01.03 21:34:12.5,2025.01.03 21:34:13.5,1466953
120,2025.01.03 21:34:12.5,2025.01.03 21:34:13.5,1464923
121,2025.01.03 21:52:31.8,2025.01.03 21:52:32.8,1465210
122,2025.01.03 21:52:35.8,2025.01.03 21:52:36.8,1467848
123,2025.01.03 21:52:35.8,2025.01.03 21:52:36.8,1464342
124,2025.01.03 22:19:28.6,2025.01.03 22:19:29.6,1464463
125,2025.01.03 22:19:31.7,2025.01.03 22:19:32.7,1468356
126,2025.01.03 22:19:31.7,2025.01.03 22:19:32.7,1466224
127,2025.01.03 22:46:07.8,2025.01.03 22:46:17.8,14661026
128,2025.01.03 22:46:19.4,2025.01.03 22:46:29.4,14699298
129,2025.01.03 22:46:19.4,2025.01.03 22:46:29.4,14675100
130,2025.01.03 23:05:02.2,2025.01.03 23:06:02.2,87952549
131,2025.01.03 23:06:05.1,2025.01.03 23:07:05.1,88067323
132,2025.01.03 23:06:05.1,2025.01.03 23:07:05.1,87778947
133,2025.01.03 23:28:26.8,2025.01.03 23:28:31.8,7341614
134,2025.01.03 23:28:33.3,2025.01.03 23:28:38.3,7347897
135,2025.01.03 23:28:33.3,2025.01.03 23:28:38.3,7332689
136,2025.01.03 23:29:38.3,2025.01.03 23:29:39.3,1462299
137,2025.01.03 23:29:41.5,2025.01.03 23:29:42.5,1469592
138,2025.01.03 23:29:41.5,2025.01.03 23:29:42.5,1465913
139,2025.01.03 23:31:38.2,2025.01.03 23:31:48.2,14639962
140,2025.01.03 23:32:03.1,2025.01.03 23:31:53.1,14697461
141,2025.01.03 23:31:53.1,2025.01.03 23:32:03.1,14652032
142,2025.01.03 23:32:41.5,2025.01.03 23:32:46.5,7327213
143,2025.01.03 23:32:48.7,2025.01.03 23:32:53.7,7332282
144,2025.01.03 23:32:48.7,2025.01.03 23:32:53.7,7326420
145,2025.01.03 23:59:13.9,2025.01.04 00:00:13.9,87893146
146,2025.01.04 00:00:18.4,2025.01.04 00:01:18.4,8798580012
147,2025.01.04 00:00:18.4,2025.01.04 00:01:18.4,87890439
148,2025.01.04 00:03:06.6,2025.01.04 00:03:07.6,1466339
149,2025.01.04 00:03:12.4,2025.01.04 00:03:13.4,1468844
150,2025.01.04 00:03:12.4,2025.01.04 00:03:13.4,1463520
151,2025.01.04 00:12:51.7,2025.01.04 00:12:56.7,7323018
152,2025.01.04 00:12:58.0,2025.01.04 00:13:03.0,7346205
153,2025.01.04 00:12:58.0,2025.01.04 00:13:03.0,7323464
154,2025.01.04 19:06:52.4,2025.01.04 19:06:53.4,1037179
155,2025.01.04 19:06:55.0,2025.01.04 19:06:56.0,1039703
156,2025.01.04 19:06:55.0,2025.01.04 19:06:56.0,1035178
157,2025.01.04 19:23:32.3,2025.01.04 19:23:37.3,5176923
158,2025.01.04 19:23:39.9,2025.01.04 19:23:44.9,5194141
159,2025.01.04 19:23:39.9,2025.01.04 19:23:44.9,5187786
160,2025.01.04 19:33:37.5,2025.01.04 19:33:38.5,1037013
161,2025.01.04 19:33:40.6,2025.01.04 19:33:41.6,1040565
162,2025.01.04 19:33:40.6,2025.01.04 19:33:41.6,1035070
163,2025.01.04 19:54:11.4,2025.01.04 19:54:21.4,10373658
164,2025.01.04 19:54:23.1,2025.01.04 19:54:33.1,10386242
165,2025.01.04 19:54:23.1,2025.01.04 19:54:33.1,10352893
166,2025.01.04 20:07:04.0,2025.01.04 20:07:09.0,5179371
167,2025.01.04 20:07:11.6,2025.01.04 20:07:16.6,5199764
168,2025.01.04 20:07:11.6,2025.01.04 20:07:16.6,5176588
169,2025.01.04 20:10:07.6,2025.01.04 20:11:07.6,62174093
170,2025.01.04 20:11:10.2,2025.01.04 20:12:10.2,62451667
171,2025.01.04 20:11:10.2,2025.01.04 20:12:10.2,62231431
172,2025.01.04 20:27:05.6,2025.01.04 20:27:15.6,10361661
173,2025.01.04 20:27:16.9,2025.01.04 20:27:26.9,10399908
174,2025.01.04 20:27:16.9,2025.01.04 20:27:26.9,10352963
175,2025.01.04 20:41:30.5,2025.01.04 20:41:31.5,1035956
176,2025.01.04 20:41:33.6,2025.01.04 20:41:34.6,1040467
177,2025.01.04 20:41:33.6,2025.01.04 20:41:34.6,1036284
178,2025.01.04 20:43:38.1,2025.01.04 20:43:43.1,5176371
179,2025.01.04 20:43:45.2,2025.01.04 20:43:50.2,5186807
180,2025.01.04 20:43:45.2,2025.01.04 20:43:50.2,5186741
181,2025.01.04 21:11:39.1,2025.01.04 21:11:40.1,1037256
182,2025.01.04 21:11:41.4,2025.01.04 21:11:42.4,1040247
183,2025.01.04 21:11:41.4,2025.01.04 21:11:42.4,1037154
184,2025.01.04 21:23:19.4,2025.01.04 21:23:24.4,5185866
185,2025.01.04 21:23:28.3,2025.01.04 21:23:33.3,5189170
186,2025.01.04 21:23:28.3,2025.01.04 21:23:33.3,5187847
187,2025.01.04 21:47:24.4,2025.01.04 21:48:24.4,62092584
188,2025.01.04 21:48:28.5,2025.01.04 21:49:28.5,62282058
189,2025.01.04 21:48:28.5,2025.01.04 21:49:28.5,62154445
190,2025.01.04 22:20:12.6,2025.01.04 22:20:13.6,1037207
191,2025.01.04 22:20:15.8,2025.01.04 22:20:16.8,1039291
192,2025.01.04 22:20:15.8,2025.01.04 22:20:16.8,1035961
193,2025.01.04 22:29:15.3,2025.01.04 22:30:15.3,62123333
194,2025.01.04 22:30:19.2,2025.01.04 22:31:19.2,62304682
195,2025.01.04 22:30:19.2,2025.01.04 22:31:19.2,62177571
196,2025.01.04 22:59:01.1,2025.01.04 23:00:01.1,62298488
197,2025.01.04 23:00:05.2,2025.01.04 23:01:05.2,62448268
198,2025.01.04 23:00:05.2,2025.01.04 23:01:05.2,62137458
199,2025.01.04 23:31:39.4,2025.01.04 23:31:49.4,10356291
200,2025.01.04 23:31:53.0,2025.01.04 23:32:03.0,10402391
201,2025.01.04 23:31:53.0,2025.01.04 23:32:03.0,10370139
202,2025.01.04 23:56:22.2,2025.01.04 23:56:23.2,1036723
203,2025.01.04 23:56:27.7,2025.01.04 23:56:28.7,1038774
204,2025.01.04 23:56:27.7,2025.01.04 23:56:28.7,1036152
205,2025.01.05 00:23:40.5,2025.01.05 00:23:41.5,1037492
206,2025.01.05 00:23:43.2,2025.01.05 00:23:44.2,1037563
207,2025.01.05 00:23:43.2,2025.01.05 00:23:44.2,1036913
208,2025.01.05 19:14:58.6,2025.01.05 19:15:58.6,84770323
209,2025.01.05 19:16:00.8,2025.01.05 19:17:00.8,85083070
210,2025.01.05 19:16:00.8,2025.01.05 19:17:00.8,84799270
211,2025.01.05 19:33:16.8,2025.01.05 19:33:17.8,1412824
212,2025.01.05 19:33:21.6,2025.01.05 19:33:22.6,1416530
213,2025.01.05 19:33:21.6,2025.01.05 19:33:22.6,1412728
214,2025.01.05 19:39:15.4,2025.01.05 19:39:25.4,14155989
215,2025.01.05 19:39:27.3,2025.01.05 19:39:37.3,14172473
216,2025.01.05 19:39:27.3,2025.01.05 19:39:37.3,14130069
217,2025.01.05 19:57:27.4,2025.01.05 19:57:37.4,14146828
218,2025.01.05 19:57:42.0,2025.01.05 19:57:52.0,14162552
219,2025.01.05 19:57:42.0,2025.01.05 19:57:52.0,14121353
220,2025.01.05 20:03:40.3,2025.01.05 20:03:41.3,1412112
221,2025.01.05 20:03:42.7,2025.01.05 20:03:43.7,1416244
222,2025.01.05 20:03:42.7,2025.01.05 20:03:43.7,1414893
223,2025.01.05 20:09:58.9,2025.01.05 20:10:08.9,14105782
224,2025.01.05 20:10:12.1,2025.01.05 20:10:22.1,14156609
225,2025.01.05 20:10:12.1,2025.01.05 20:10:22.1,14152535
226,2025.01.05 20:30:58.4,2025.01.05 20:31:58.4,84773995
227,2025.01.05 20:32:00.1,2025.01.05 20:33:00.1,84994026
228,2025.01.05 20:32:00.1,2025.01.05 20:33:00.1,84782554
229,2025.01.05 20:43:36.0,2025.01.05 20:43:41.0,7067886
230,2025.01.05 20:43:42.3,2025.01.05 20:43:47.3,7076906
231,2025.01.05 20:43:42.3,2025.01.05 20:43:47.3,7073350
232,2025.01.05 21:02:48.2,2025.01.05 21:02:49.2,1410948
233,2025.01.05 21:02:52.4,2025.01.05 21:02:53.4,1418712
234,2025.01.05 21:02:52.4,2025.01.05 21:02:53.4,1413900
235,2025.01.05 21:32:19.4,2025.01.05 21:33:19.4,84873040
236,2025.01.05 21:33:21.9,2025.01.05 21:34:21.9,84822494
237,2025.01.05 21:33:21.9,2025.01.05 21:34:21.9,84876972
238,2025.01.05 21:40:20.9,2025.01.05 21:40:30.9,14127986
239,2025.01.05 21:40:34.6,2025.01.05 21:40:44.6,14156572
240,2025.01.05 21:40:34.6,2025.01.05 21:40:44.6,14123921
241,2025.01.05 21:46:03.6,2025.01.05 21:46:08.6,7058131
242,2025.01.05 21:46:10.2,2025.01.05 21:46:15.2,7084818
243,2025.01.05 21:46:10.2,2025.01.05 21:46:15.2,7067521
244,2025.01.05 22:02:27.9,2025.01.05 22:02:32.9,7070863
245,2025.01.05 22:02:37.9,2025.01.05 22:02:42.9,7084482
246,2025.01.05 22:02:37.9,2025.01.05 22:02:42.9,7055634
247,2025.01.05 22:07:02.4,2025.01.05 22:07:03.4,1414755
248,2025.01.05 22:07:07.7,2025.01.05 22:07:08.7,1418219
249,2025.01.05 22:07:07.7,2025.01.05 22:07:08.7,1412761
250,2025.01.05 22:10:42.9,2025.01.05 22:11:42.9,84882527
251,2025.01.05 22:11:47.4,2025.01.05 22:12:47.4,84954548
252,2025.01.05 22:11:47.4,2025.01.05 22:12:47.4,84876457
253,2025.01.05 22:37:54.8,2025.01.05 22:38:04.8,14155681
254,2025.01.05 22:38:06.1,2025.01.05 22:38:16.1,14150117
255,2025.01.05 22:38:06.1,2025.01.05 22:38:16.1,14144811
256,2025.01.05 22:39:11.6,2025.01.05 22:39:16.6,7078615
257,2025.01.05 22:39:18.2,2025.01.05 22:39:23.2,7078459
258,2025.01.05 22:39:18.2,2025.01.05 22:39:23.2,7073652
259,2025.01.05 22:42:19.8,2025.01.05 22:42:29.8,14133281
260,2025.01.05 22:42:33.0,2025.01.05 22:42:43.0,14158863
261,2025.01.05 22:42:33.0,2025.01.05 22:42:43.0,14138588
262,2025.01.05 22:43:24.7,2025.01.05 22:43:29.7,7078075
263,2025.01.05 22:43:31.3,2025.01.05 22:43:36.3,7087118
264,2025.01.05 22:43:31.3,2025.01.05 22:43:36.3,7082465
265,2025.01.05 22:53:08.2,2025.01.05 22:54:08.2,8479993077
266,2025.01.05 22:54:13.2,2025.01.05 22:55:13.2,84965132
267,2025.01.05 22:54:13.2,2025.01.05 22:55:13.2,84755453
268,2025.01.05 23:07:42.1,2025.01.05 23:07:47.1,7066507
269,2025.01.05 23:07:48.6,2025.01.05 23:07:53.6,7077427
270,2025.01.05 23:07:48.6,2025.01.05 23:07:53.6,7057316
271,2025.01.05 23:08:33.9,2025.01.05 23:08:43.9,14138333
272,2025.01.05 23:08:47.4,2025.01.05 23:08:57.4,14180964
273,2025.01.05 23:08:47.4,2025.01.05 23:08:57.4,14138878
274,2025.01.05 23:34:43.4,2025.01.05 23:34:48.4,7070447
275,2025.01.05 23:34:51.7,2025.01.05 23:34:56.7,7081130
276,2025.01.05 23:34:51.7,2025.01.05 23:34:56.7,7062897
277,2025.01.05 23:38:29.5,2025.01.05 23:38:39.5,14121950
278,2025.01.05 23:38:43.3,2025.01.05 23:38:53.3,14151291
279,2025.01.05 23:38:43.3,2025.01.05 23:38:53.3,14157918
280,2025.01.06 00:04:46.1,2025.01.06 00:04:56.1,14120337
281,2025.01.06 00:05:00.4,2025.01.06 00:05:10.4,14169048
282,2025.01.06 00:05:00.4,2025.01.06 00:05:10.4,14151011
283,2025.01.06 00:25:22.1,2025.01.06 00:25:23.1,1414511
284,2025.01.06 00:25:24.8,2025.01.06 00:25:25.8,1418149
285,2025.01.06 00:25:24.8,2025.01.06 00:25:25.8,1414537
286,2025.01.06 20:28:39.3,2025.01.06 20:28:40.3,1264752
287,2025.01.06 20:28:43.0,2025.01.06 20:28:44.0,1268197
288,2025.01.06 20:28:43.0,2025.01.06 20:28:44.0,1263667
289,2025.01.06 20:37:26.0,2025.01.06 20:37:31.0,6325977
290,2025.01.06 20:37:35.5,2025.01.06 20:37:40.5,6344117
291,2025.01.06 20:37:35.5,2025.01.06 20:37:40.5,6319344
292,2025.01.06 20:55:54.6,2025.01.06 20:55:55.6,1262473
293,2025.01.06 20:56:00.4,2025.01.06 20:56:01.4,1269211
294,2025.01.06 20:56:00.4,2025.01.06 20:56:01.4,1264121
295,2025.01.06 21:02:16.8,2025.01.06 21:03:16.8,75687991
296,2025.01.06 21:03:20.1,2025.01.06 21:04:20.1,76020333
297,2025.01.06 21:03:20.1,2025.01.06 21:04:20.1,75973597
298,2025.01.06 21:33:41.3,2025.01.06 21:33:51.3,12644154
299,2025.01.06 21:33:55.1,2025.01.06 21:34:05.1,12683893
300,2025.01.06 21:33:55.1,2025.01.06 21:34:05.1,12625796
301,2025.01.06 21:38:03.8,2025.01.06 21:38:08.8,6320666
302,2025.01.06 21:38:12.0,2025.01.06 21:38:17.0,6340737
303,2025.01.06 21:38:12.0,2025.01.06 21:38:17.0,6324435
304,2025.01.06 21:57:36.6,2025.01.06 21:57:41.6,6326201
305,2025.01.06 21:57:43.9,2025.01.06 21:57:48.9,6328100
306,2025.01.06 21:57:43.9,2025.01.06 21:57:48.9,6329386
307,2025.01.06 22:27:17.7,2025.01.06 22:27:27.7,12629053
308,2025.01.06 22:27:31.5,2025.01.06 22:27:41.5,12681438
309,2025.01.06 22:27:31.5,2025.01.06 22:27:41.5,12652226
310,2025.01.06 22:31:01.0,2025.01.06 22:32:01.0,75852874
311,2025.01.06 22:32:03.8,2025.01.06 22:33:03.8,76069727
312,2025.01.06 22:32:03.8,2025.01.06 22:33:03.8,75850500
313,2025.01.06 23:00:30.8,2025.01.06 23:00:40.8,12655195
314,2025.01.06 23:00:44.7,2025.01.06 23:00:54.7,12671202
315,2025.01.06 23:00:44.7,2025.01.06 23:00:54.7,12636272
316,2025.01.06 23:25:15.0,2025.01.06 23:26:15.0,75834255
317,2025.01.06 23:26:18.5,2025.01.06 23:27:18.5,76040760
318,2025.01.06 23:26:18.5,2025.01.06 23:27:18.5,75859113
319,2025.01.06 23:33:02.0,2025.01.06 23:34:02.0,75899593
320,2025.01.06 23:34:04.8,2025.01.06 23:35:04.8,76021227
321,2025.01.06 23:34:04.8,2025.01.06 23:35:04.8,75845777
322,2025.01.06 23:42:03.4,2025.01.06 23:42:04.4,1263235
323,2025.01.06 23:42:08.2,2025.01.06 23:42:09.2,1269341
324,2025.01.06 23:42:08.2,2025.01.06 23:42:09.2,1263744
325,2025.01.06 23:55:57.4,2025.01.06 23:55:58.4,1265148
326,2025.01.06 23:56:00.8,2025.01.06 23:56:01.8,1265672
327,2025.01.06 23:56:00.8,2025.01.06 23:56:01.8,1266557
328,2025.01.07 00:06:59.9,2025.01.07 00:07:09.9,12622991
329,2025.01.07 00:07:12.2,2025.01.07 00:07:22.2,12670657
330,2025.01.07 00:07:12.2,2025.01.07 00:07:22.2,12636706
331,2025.01.07 00:22:24.2,2025.01.07 00:22:25.2,1265053
332,2025.01.07 00:22:26.3,2025.01.07 00:22:27.3,1267114
333,2025.01.07 00:22:26.3,2025.01.07 00:22:27.3,1263864
334,2025.01.07 00:32:42.7,2025.01.07 00:32:47.7,6319472
335,2025.01.07 00:32:48.9,2025.01.07 00:32:53.9,6340970
336,2025.01.07 00:32:48.9,2025.01.07 00:32:53.9,6325878
337,2025.01.07 00:58:01.1,2025.01.07 00:58:06.1,6327608
338,2025.01.07 00:58:08.6,2025.01.07 00:58:13.6,6338398
339,2025.01.07 00:58:08.6,2025.01.07 00:58:13.6,6334799
340,2025.01.07 01:18:53.5,2025.01.07 01:19:53.5,75813371
341,2025.01.07 01:19:57.9,2025.01.07 01:20:57.9,76120366
342,2025.01.07 01:19:57.9,2025.01.07 01:20:57.9,75854269
343,2025.01.07 20:27:55.2,2025.01.07 20:28:55.2,37297676
344,2025.01.07 20:28:57.2,2025.01.07 20:29:57.2,37410394
345,2025.01.07 20:28:57.2,2025.01.07 20:29:57.2,37358496
346,2025.01.07 20:35:47.3,2025.01.07 20:35:57.3,6213381
347,2025.01.07 20:36:01.6,2025.01.07 20:36:11.6,6243695
348,2025.01.07 20:36:01.6,2025.01.07 20:36:11.6,6224102
349,2025.01.07 20:47:16.0,2025.01.07 20:47:21.0,3100687
350,2025.01.07 20:47:23.0,2025.01.07 20:47:28.0,3117471
351,2025.01.07 20:47:23.0,2025.01.07 20:47:28.0,3105036
352,2025.01.07 20:49:27.5,2025.01.07 20:50:27.5,37342183
353,2025.01.07 20:50:30.0,2025.01.07 20:51:30.0,37499514
354,2025.01.07 20:50:30.0,2025.01.07 20:51:30.0,37245566
355,2025.01.07 21:01:16.6,2025.01.07 21:01:26.6,6217820
356,2025.01.07 21:01:28.9,2025.01.07 21:01:38.9,6242042
357,2025.01.07 21:01:28.9,2025.01.07 21:01:38.9,6207839
358,2025.01.07 21:23:00.2,2025.01.07 21:23:10.2,6210505
359,2025.01.07 21:23:13.5,2025.01.07 21:23:23.5,6245125
360,2025.01.07 21:23:13.5,2025.01.07 21:23:23.5,6219279
361,2025.01.07 21:38:01.1,2025.01.07 21:38:11.1,6220206
362,2025.01.07 21:38:15.4,2025.01.07 21:38:25.4,6243617
363,2025.01.07 21:38:15.4,2025.01.07 21:38:25.4,6207734
364,2025.01.07 21:49:43.0,2025.01.07 21:50:43.0,37263863
365,2025.01.07 21:50:46.0,2025.01.07 21:51:46.0,37400032
366,2025.01.07 21:50:46.0,2025.01.07 21:51:46.0,37263406
367,2025.01.07 22:00:24.5,2025.01.07 22:00:25.5,622292
368,2025.01.07 22:00:28.8,2025.01.07 22:00:29.8,623182
369,2025.01.07 22:00:28.8,2025.01.07 22:00:29.8,621515
370,2025.01.07 22:07:49.7,2025.01.07 22:07:54.7,3106475
371,2025.01.07 22:07:56.4,2025.01.07 22:08:01.4,3123630
372,2025.01.07 22:07:56.4,2025.01.07 22:08:01.4,3108652
373,2025.01.07 22:20:02.7,2025.01.07 22:20:03.7,621621
374,2025.01.07 22:20:05.3,2025.01.07 22:20:06.3,624630
375,2025.01.07 22:20:05.3,2025.01.07 22:20:06.3,622025
376,2025.01.07 22:42:18.1,2025.01.07 22:42:19.1,620729
377,2025.01.07 22:42:20.8,2025.01.07 22:42:21.8,624351
378,2025.01.07 22:42:20.8,2025.01.07 22:42:21.8,621246
379,2025.01.07 23:00:10.9,2025.01.07 23:00:20.9,6210789
380,2025.01.07 23:00:25.1,2025.01.07 23:00:35.1,6250661
381,2025.01.07 23:00:25.1,2025.01.07 23:00:35.1,6204607
382,2025.01.07 23:18:46.3,2025.01.07 23:19:46.3,37292605
383,2025.01.07 23:19:49.6,2025.01.07 23:20:49.6,37493598
384,2025.01.07 23:19:49.6,2025.01.07 23:20:49.6,37246512
385,2025.01.07 23:48:29.6,2025.01.07 23:49:29.6,37258921
386,2025.01.07 23:49:32.8,2025.01.07 23:50:32.8,37455003
387,2025.01.07 23:49:32.8,2025.01.07 23:50:32.8,37250221
388,2025.01.08 00:18:57.5,2025.01.08 00:18:58.5,622227
389,2025.01.08 00:19:03.0,2025.01.08 00:19:04.0,624326
390,2025.01.08 00:19:03.0,2025.01.08 00:19:04.0,621549
391,2025.01.08 00:47:48.6,2025.01.08 00:48:48.6,37318278
392,2025.01.08 00:48:51.9,2025.01.08 00:49:51.9,37416510
393,2025.01.08 00:48:51.9,2025.01.08 00:49:51.9,37307949
394,2025.01.08 01:06:11.0,2025.01.08 01:07:11.0,37276562
395,2025.01.08 01:07:14.4,2025.01.08 01:08:14.4,37459615
396,2025.01.08 01:07:14.4,2025.01.08 01:08:14.4,37222851
397,2025.01.08 19:40:10.5,2025.01.08 19:40:11.5,2954358
398,2025.01.08 19:40:13.6,2025.01.08 19:40:14.6,2961431
399,2025.01.08 19:40:13.6,2025.01.08 19:40:14.6,2956666
400,2025.01.08 19:53:07.0,2025.01.08 19:53:12.0,14781475
401,2025.01.08 19:53:13.4,2025.01.08 19:53:18.4,14799157
402,2025.01.08 19:53:18.4,2025.01.08 19:53:13.4,14773322
403,2025.01.08 20:01:33.1,2025.01.08 20:01:43.1,29580064
404,2025.01.08 20:01:44.2,2025.01.08 20:01:54.2,29611041
405,2025.01.08 20:01:44.2,2025.01.08 20:01:54.2,29593652
406,2025.01.08 20:23:46.3,2025.01.08 20:23:47.3,2956889
407,2025.01.08 20:23:51.6,2025.01.08 20:23:52.6,2962267
408,2025.01.08 20:23:51.6,2025.01.08 20:23:52.6,2954655
409,2025.01.08 20:27:58.6,2025.01.08 20:28:03.6,14798638
410,2025.01.08 20:28:04.9,2025.01.08 20:28:09.9,14802491
411,2025.01.08 20:28:04.9,2025.01.08 20:28:09.9,14807869
412,2025.01.08 20:49:30.3,2025.01.08 20:49:40.3,29618062
413,2025.01.08 20:49:44.5,2025.01.08 20:49:54.5,29599407
414,2025.01.08 20:49:44.5,2025.01.08 20:49:54.5,29586151
415,2025.01.08 21:10:07.4,2025.01.08 21:10:12.4,14788812
416,2025.01.08 21:10:16.7,2025.01.08 21:10:21.7,14825434
417,2025.01.08 21:10:16.7,2025.01.08 21:10:21.7,14772185
418,2025.01.08 21:19:12.0,2025.01.08 21:19:17.0,14804456
419,2025.01.08 21:19:21.0,2025.01.08 21:19:26.0,14797261
420,2025.01.08 21:19:21.0,2025.01.08 21:19:26.0,14788130
421,2025.01.08 21:21:46.9,2025.01.08 21:22:46.9,177428652
422,2025.01.08 21:22:50.0,2025.01.08 21:23:50.0,177295830
423,2025.01.08 21:22:50.0,2025.01.08 21:23:50.0,177651853
424,2025.01.08 21:51:21.9,2025.01.08 21:51:22.9,2954417
425,2025.01.08 21:51:25.3,2025.01.08 21:51:26.3,2960009
4262025.01.08 21:51:25.3,2025.01.08 21:51:26.3,2956468
427,2025.01.08 22:01:34.3,2025.01.08 22:01:44.3,29619297
428,2025.01.08 22:01:48.2,2025.01.08 22:01:58.2,29648703
429,2025.01.08 22:01:48.2,2025.01.08 22:01:58.2,29591113
430,2025.01.08 22:23:46.6,2025.01.08 22:23:47.6,2964110
431,2025.01.08 22:23:50.5,2025.01.08 22:23:51.5,2959459
432,2025.01.08 22:23:50.5,2025.01.08 22:23:51.5,2957026
433,2025.01.08 22:30:57.7,2025.01.08 22:31:02.7,14812664
434,2025.01.08 22:31:06.4,2025.01.08 22:31:11.4,14794881
435,2025.01.08 22:31:06.4,2025.01.08 22:31:11.4,14784916
436,2025.01.08 22:53:30.6,2025.01.08 22:54:30.6,177558571
437,2025.01.08 22:54:34.9,2025.01.08 22:55:34.9,177861910
438,2025.01.08 22:54:34.9,2025.01.08 22:55:34.9,177597009
439,2025.01.08 23:11:50.3,2025.01.08 23:12:00.3,29556309
440,2025.01.08 23:12:03.8,2025.01.08 23:12:13.8,29614990
441,2025.01.08 23:12:03.8,2025.01.08 23:12:13.8,29555626
442,2025.01.08 23:40:38.5,2025.01.08 23:40:48.5,29616399
443,2025.01.08 23:40:52.8,2025.01.08 23:41:02.8,29584384
444,2025.01.08 23:40:52.8,2025.01.08 23:41:02.8,29577220
445,2025.01.08 23:42:51.5,2025.01.08 23:43:51.5,177348667
446,2025.01.08 23:43:54.0,2025.01.08 23:44:54.0,177557765
447,2025.01.08 23:43:54.0,2025.01.08 23:44:54.0,177641065
448,2025.01.08 23:47:36.6,2025.01.08 23:47:37.6,2960543
449,2025.01.08 23:47:39.5,2025.01.08 23:47:40.5,2958650
450,2025.01.08 23:47:39.5,2025.01.08 23:47:40.5,2958740
451,2025.01.08 23:57:10.9,2025.01.08 23:57:15.9,14789150
452,2025.01.08 23:57:18.4,2025.01.08 23:57:23.4,14818894
453,2025.01.08 23:57:18.4,2025.01.08 23:57:23.4,14790109
454,2025.01.09 00:10:44.9,2025.01.09 00:10:49.9,14775207
455,2025.01.09 00:10:53.7,2025.01.09 00:10:58.7,14805092
456,2025.01.09 00:10:53.7,2025.01.09 00:10:58.7,14769445
457,2025.01.09 00:38:51.9,2025.01.09 00:39:51.9,177381646
458,2025.01.09 00:39:55.9,2025.01.09 00:40:55.9,177630751
459,2025.01.09 00:39:55.9,2025.01.09 00:40:55.9,177415809
460,2025.01.09 19:27:49.3,2025.01.09 19:27:59.3,10614427
461,2025.01.09 19:28:01.7,2025.01.09 19:28:11.7,10629560
462,2025.01.09 19:28:01.7,2025.01.09 19:28:11.7,10608872
463,2025.01.09 19:39:38.7,2025.01.09 19:39:43.7,5301965
464,2025.01.09 19:39:44.7,2025.01.09 19:39:49.7,5319838
465,2025.01.09 19:39:44.7,2025.01.09 19:39:49.7,5314319
466,2025.01.09 20:01:04.3,2025.01.09 20:01:05.3,1061359
467,2025.01.09 20:01:08.0,2025.01.09 20:01:09.0,1062737
468,2025.01.09 20:01:08.0,2025.01.09 20:01:09.0,1059360
469,2025.01.09 20:21:30.0,2025.01.09 20:21:35.0,5300419
470,2025.01.09 20:21:37.4,2025.01.09 20:21:42.4,5322469
471,2025.01.09 20:21:37.4,2025.01.09 20:21:42.4,5312613
472,2025.01.09 20:51:36.0,2025.01.09 20:51:41.0,5306098
473,2025.01.09 20:51:45.7,2025.01.09 20:51:50.7,5316542
474,2025.01.09 20:51:45.7,2025.01.09 20:51:50.7,5307664
475,2025.01.09 21:14:29.6,2025.01.09 21:14:39.6,10599904
476,2025.01.09 21:14:43.9,2025.01.09 21:14:53.9,10630133
477,2025.01.09 21:14:43.9,2025.01.09 21:14:53.9,10616590
478,2025.01.09 21:25:33.8,2025.01.09 21:26:33.8,63679703
479,2025.01.09 21:26:36.8,2025.01.09 21:27:36.8,63817925
480,2025.01.09 21:26:36.8,2025.01.09 21:27:36.8,63642734
481,2025.01.09 21:45:04.4,2025.01.09 21:45:05.4,1060176
482,2025.01.09 21:45:10.2,2025.01.09 21:45:11.2,1064559
483,2025.01.09 21:45:10.2,2025.01.09 21:45:11.2,1060618
484,2025.01.09 22:01:06.1,2025.01.09 22:01:07.1,1061974
485,2025.01.09 22:01:11.1,2025.01.09 22:01:12.1,1064667
486,2025.01.09 22:01:11.1,2025.01.09 22:01:12.1,1061307
487,2025.01.09 22:26:08.6,2025.01.09 22:26:13.6,5292937
488,2025.01.09 22:26:16.4,2025.01.09 22:26:21.4,5316346
489,2025.01.09 22:26:16.4,2025.01.09 22:26:21.4,5297853
490,2025.01.09 22:32:30.7,2025.01.09 22:32:31.7,1061457
491,2025.01.09 22:32:33.5,2025.01.09 22:32:34.5,1062937
492,2025.01.09 22:32:33.5,2025.01.09 22:32:34.5,1060480
493,2025.01.09 22:46:22.1,2025.01.09 22:46:32.1,10602420
494,2025.01.09 22:46:33.9,2025.01.09 22:46:43.9,10627402
495,2025.01.09 22:46:33.9,2025.01.09 22:46:43.9,10605612
496,2025.01.09 23:12:08.2,2025.01.09 23:12:13.2,5303401
497,2025.01.09 23:12:16.5,2025.01.09 23:12:21.5,5326142
498,2025.01.09 23:12:16.5,2025.01.09 23:12:21.5,5307357
499,2025.01.09 23:15:36.6,2025.01.09 23:15:41.6,5311403
500,2025.01.09 23:15:42.6,2025.01.09 23:15:47.6,5325119
501,2025.01.09 23:15:42.6,2025.01.09 23:15:47.6,5306152
502,2025.01.09 23:20:20.8,2025.01.09 23:20:30.8,10609510
503,2025.01.09 23:20:33.9,2025.01.09 23:20:43.9,10631572
504,2025.01.09 23:20:33.9,2025.01.09 23:20:43.9,10600847
505,2025.01.09 23:35:24.7,2025.01.09 23:35:34.7,10569922
506,2025.01.09 23:35:36.5,2025.01.09 23:35:46.5,10635313
507,2025.01.09 23:35:36.5,2025.01.09 23:35:46.5,10613509
508,2025.01.10 00:01:22.0,2025.01.10 00:02:22.0,63560398
509,2025.01.10 00:02:26.0,2025.01.10 00:03:26.0,63847543
510,2025.01.10 00:02:26.0,2025.01.10 00:03:26.0,63637145
511,2025.01.10 19:55:33.9,2025.01.10 19:56:33.9,89360155
512,2025.01.10 19:56:36.3,2025.01.10 19:57:36.3,89780599
513,2025.01.10 19:56:36.3,2025.01.10 19:57:36.3,89705566
514,2025.01.10 20:22:50.9,2025.01.10 20:23:00.9,14926409
515,2025.01.10 20:23:02.5,2025.01.10 20:23:12.5,14945495
516,2025.01.10 20:23:02.5,2025.01.10 20:23:12.5,14928632
517,2025.01.10 20:53:17.8,2025.01.10 20:53:22.8,7458580
518,2025.01.10 20:53:26.7,2025.01.10 20:53:31.7,7470859
519,2025.01.10 20:53:26.7,2025.01.10 20:53:31.7,7459857
520,2025.01.10 21:21:26.0,2025.01.10 21:21:31.0,7454967
521,2025.01.10 21:21:35.8,2025.01.10 21:21:40.8,7472428
522,2025.01.10 21:21:35.8,2025.01.10 21:21:40.8,7460604
523,2025.01.10 21:21:59.1,2025.01.10 21:22:59.1,89480453
524,2025.01.10 21:23:02.5,2025.01.10 21:24:02.5,89586927
525,2025.01.10 21:23:02.5,2025.01.10 21:24:02.5,89628824
526,2025.01.10 21:40:49.1,2025.01.10 21:40:50.1,1490991
527,2025.01.10 21:40:54.1,2025.01.10 21:40:55.1,1494774
528,2025.01.10 21:40:54.1,2025.01.10 21:40:55.1,1492057
529,2025.01.10 22:04:52.6,2025.01.10 22:04:57.6,7462316
530,2025.01.10 22:04:58.9,2025.01.10 22:05:03.9,7468636
531,2025.01.10 22:04:58.9,2025.01.10 22:05:03.9,7463123
532,2025.01.10 22:31:41.4,2025.01.10 22:31:51.4,14906120
533,2025.01.10 22:31:55.0,2025.01.10 22:32:05.0,1492947481
534,2025.01.10 22:31:55.0,2025.01.10 22:32:05.0,14919324
535,2025.01.10 22:50:01.4,2025.01.10 22:50:06.4,7465166
536,2025.01.10 22:50:10.2,2025.01.10 22:50:15.2,7487412
537,2025.01.10 22:50:10.2,2025.01.10 22:50:15.2,7463878
538,2025.01.10 23:05:32.4,2025.01.10 23:05:42.4,14936809
539,2025.01.10 23:05:44.2,2025.01.10 23:05:54.2,14933848
540,2025.01.10 23:05:44.2,2025.01.10 23:05:54.2,14929502
541,2025.01.10 23:15:11.4,2025.01.10 23:15:21.4,14899288
542,2025.01.10 23:15:25.4,2025.01.10 23:15:35.4,14933578
543,2025.01.10 23:15:25.4,2025.01.10 23:15:35.4,14913118
544,2025.01.10 23:23:34.3,2025.01.10 23:23:35.3,1491918
545,2025.01.10 23:23:39.7,2025.01.10 23:23:40.7,1494484
546,2025.01.10 23:23:39.7,2025.01.10 23:23:40.7,1489952
547,2025.01.10 23:36:51.7,2025.01.10 23:37:51.7,89391551
548,2025.01.10 23:37:53.3,2025.01.10 23:38:53.3,89730973
549,2025.01.10 23:37:53.3,2025.01.10 23:38:53.3,89451850
550,2025.01.10 23:59:01.1,2025.01.10 23:59:06.1,7469081
551,2025.01.10 23:59:07.7,2025.01.10 23:59:12.7,7466063
552,2025.01.10 23:59:07.7,2025.01.10 23:59:12.7,7471154
553,2025.01.11 00:10:56.7,2025.01.11 00:11:06.7,14914497
554,2025.01.11 00:11:07.7,2025.01.11 00:11:17.7,14952722
555,2025.01.11 00:11:07.7,2025.01.11 00:11:17.7,14913082
556,2025.01.11 00:30:40.0,2025.01.11 00:30:45.0,7466865
557,2025.01.11 00:30:49.4,2025.01.11 00:30:54.4,7474919
558,2025.01.11 00:30:49.4,2025.01.11 00:30:54.4,7452696
559,2025.01.11 20:15:28.4,2025.01.11 20:15:29.4,1296192
560,2025.01.11 20:15:32.8,2025.01.11 20:15:33.8,1299444
561,2025.01.11 20:15:32.8,2025.01.11 20:15:33.8,1296227
562,2025.01.11 20:36:30.5,2025.01.11 20:36:35.5,6474414
563,2025.01.11 20:36:37.5,2025.01.11 20:36:42.5,6485484
564,2025.01.11 20:36:37.5,2025.01.11 20:36:42.5,6469698
565,2025.01.11 20:57:11.5,2025.01.11 20:58:11.5,77761721
566,2025.01.11 20:58:15.2,2025.01.11 20:59:15.2,77980953
567,2025.01.11 20:58:15.2,2025.01.11 20:59:15.2,77863925
568,2025.01.11 21:16:52.5,2025.01.11 21:17:02.5,12957122
569,2025.01.11 21:17:07.5,2025.01.11 21:17:17.5,12994543
570,2025.01.11 21:17:07.5,2025.01.11 21:17:17.5,12964027
571,2025.01.11 21:24:38.7,2025.01.11 21:24:48.7,12956104
572,2025.01.11 21:24:50.0,2025.01.11 21:25:00.0,13002608
573,2025.01.11 21:24:50.0,2025.01.11 21:25:00.0,12967634
574,2025.01.11 21:30:59.3,2025.01.11 21:31:59.3,77736535
575,2025.01.11 21:32:01.9,2025.01.11 21:33:01.9,77827812
576,2025.01.11 21:32:01.9,2025.01.11 21:33:01.9,77730956
577,2025.01.11 21:48:17.2,2025.01.11 21:49:17.2,77669213
578,2025.01.11 21:49:21.8,2025.01.11 21:50:21.8,77900578
579,2025.01.11 21:49:21.8,2025.01.11 21:50:21.8,77839835
580,2025.01.11 22:07:34.4,2025.01.11 22:07:44.4,12947452
581,2025.01.11 22:07:46.5,2025.01.11 22:07:56.5,12997785
582,2025.01.11 22:07:46.5,2025.01.11 22:07:56.5,12948644
583,2025.01.11 22:37:01.3,2025.01.11 22:38:01.3,77840236
584,2025.01.11 22:38:02.7,2025.01.11 22:39:02.7,77836555
585,2025.01.11 22:38:02.7,2025.01.11 22:39:02.7,77750218
586,2025.01.11 22:51:14.6,2025.01.11 22:51:19.6,6478488
587,2025.01.11 22:51:22.4,2025.01.11 22:51:27.4,6479041
588,2025.01.11 22:51:22.4,2025.01.11 22:51:27.4,6480953
589,2025.01.11 22:59:14.0,2025.01.11 22:59:15.0,1295110
590,2025.01.11 22:59:19.3,2025.01.11 22:59:20.3,1298880
591,2025.01.11 22:59:19.3,2025.01.11 22:59:20.3,1295439
592,2025.01.11 23:02:11.5,2025.01.11 23:02:16.5,6483379
593,2025.01.11 23:02:21.5,2025.01.11 23:02:26.5,6493272
594,2025.01.11 23:02:21.5,2025.01.11 23:02:26.5,6472290
595,2025.01.11 23:04:13.0,2025.01.11 23:05:13.0,77845196
596,2025.01.11 23:05:16.7,2025.01.11 23:06:16.7,77936227
5972025.01.11 23:05:16.7,2025.01.11 23:06:16.7,77751276
598,2025.01.11 23:25:46.1,2025.01.11 23:25:47.1,1295293
599,2025.01.11 23:25:50.4,2025.01.11 23:25:51.4,1297468
600,2025.01.11 23:25:50.4,2025.01.11 23:25:51.4,1295251
601,2025.01.11 23:49:45.4,2025.01.11 23:49:55.4,12951726
602,2025.01.11 23:49:56.8,2025.01.11 23:50:06.8,13013696
603,2025.01.11 23:49:56.8,2025.01.11 23:50:06.8,12956089
604,2025.01.12 00:07:32.6,2025.01.12 00:08:32.6,77669927
605,2025.01.12 00:08:34.4,2025.01.12 00:09:34.4,77897398
606,2025.01.12 00:08:34.4,2025.01.12 00:09:34.4,77789197
607,2025.01.12 00:16:44.2,2025.01.12 00:16:49.2,6477555
608,2025.01.12 00:16:54.0,2025.01.12 00:16:59.0,6497687
609,2025.01.12 00:16:54.0,2025.01.12 00:16:59.0,6474751
610,2025.01.12 00:21:27.0,2025.01.12 00:21:37.0,12952416
611,2025.01.12 00:21:40.5,2025.01.12 00:21:50.5,13019923
612,2025.01.12 00:21:40.5,2025.01.12 00:21:50.5,12944146
613,2025.01.12 00:48:07.5,2025.01.12 00:48:12.5,6474431
614,2025.01.12 00:48:16.3,2025.01.12 00:48:21.3,6491204
615,2025.01.12 00:48:16.3,2025.01.12 00:48:21.3,6477587
616,2025.01.12 19:17:31.5,2025.01.12 19:17:32.5,1335132
617,2025.01.12 19:17:33.6,2025.01.12 19:17:34.6,1339645
618,2025.01.12 19:17:33.6,2025.01.12 19:17:34.6,1335679
619,2025.01.12 19:45:00.7,2025.01.12 19:45:10.7,13375088
620,2025.01.12 19:45:13.2,2025.01.12 19:45:23.2,13389350
621,2025.01.12 19:45:13.2,2025.01.12 19:45:23.2,13376303
622,2025.01.12 20:11:12.2,2025.01.12 20:11:17.2,6684315
623,2025.01.12 20:11:18.8,2025.01.12 20:11:23.8,6690006
624,2025.01.12 20:11:18.8,2025.01.12 20:11:23.8,6687823
625,2025.01.12 20:18:08.5,2025.01.12 20:19:08.5,80184144
626,2025.01.12 20:19:10.3,2025.01.12 20:20:10.3,80437459
627,2025.01.12 20:19:10.3,2025.01.12 20:20:10.3,80217194
628,2025.01.12 20:26:42.0,2025.01.12 20:26:47.0,6687279
629,2025.01.12 20:26:49.2,2025.01.12 20:26:54.2,6689031
630,2025.01.12 20:26:49.2,2025.01.12 20:26:54.2,6681780
631,2025.01.12 20:34:56.1,2025.01.12 20:35:06.1,13371252
632,2025.01.12 20:35:08.0,2025.01.12 20:35:18.0,13378462
633,2025.01.12 20:35:08.0,2025.01.12 20:35:18.0,13363529
634,2025.01.12 20:38:24.5,2025.01.12 20:39:24.5,80260895
635,2025.01.12 20:39:26.6,2025.01.12 20:40:26.6,80338122
636,2025.01.12 20:39:26.6,2025.01.12 20:40:26.6,80086894
637,2025.01.12 21:09:28.8,2025.01.12 21:09:38.8,13349802
638,2025.01.12 21:09:42.7,2025.01.12 21:09:52.7,13374205
639,2025.01.12 21:09:42.7,2025.01.12 21:09:52.7,13383804
640,2025.01.12 21:27:19.6,2025.01.12 21:27:24.6,6686349
641,2025.01.12 21:27:28.7,2025.01.12 21:27:33.7,6700271
642,2025.01.12 21:27:28.7,2025.01.12 21:27:33.7,6668785
643,2025.01.12 21:38:48.3,2025.01.12 21:39:48.3,80211728
644,2025.01.12 21:39:51.9,2025.01.12 21:40:51.9,80335061
645,2025.01.12 21:39:51.9,2025.01.12 21:40:51.9,80155164
646,2025.01.12 21:51:12.0,2025.01.12 21:51:13.0,1335381
647,2025.01.12 21:51:15.1,2025.01.12 21:51:16.1,1340143
648,2025.01.12 21:51:15.1,2025.01.12 21:51:16.1,1335803
649,2025.01.12 22:02:19.6,2025.01.12 22:02:20.6,1336375
650,2025.01.12 22:02:22.2,2025.01.12 22:02:23.2,1339585
651,2025.01.12 22:02:22.2,2025.01.12 22:02:23.2,1336755
652,2025.01.12 22:24:23.3,2025.01.12 22:24:28.3,6675691
653,2025.01.12 22:24:29.4,2025.01.12 22:24:34.4,6695588
654,2025.01.12 22:24:29.4,2025.01.12 22:24:34.4,6684028
655,2025.01.12 22:47:15.9,2025.01.12 22:48:15.9,80236810
656,2025.01.12 22:48:19.8,2025.01.12 22:49:19.8,80384013
657,2025.01.12 22:48:19.8,2025.01.12 22:49:19.8,80104438
658,2025.01.12 23:06:49.0,2025.01.12 23:07:49.0,80093309
659,2025.01.12 23:07:53.8,2025.01.12 23:08:53.8,80295254
660,2025.01.12 23:07:53.8,2025.01.12 23:08:53.8,80224210
661,2025.01.12 23:11:07.3,2025.01.12 23:11:08.3,1336217
662,2025.01.12 23:11:09.7,2025.01.12 23:11:10.7,1341343
663,2025.01.12 23:11:09.7,2025.01.12 23:11:10.7,1338333
664,2025.01.12 23:12:35.8,2025.01.12 23:13:35.8,80171051
665,2025.01.12 23:13:40.7,2025.01.12 23:14:40.7,80255285
666,2025.01.12 23:13:40.7,2025.01.12 23:14:40.7,80167755
667,2025.01.12 23:26:50.6,2025.01.12 23:27:00.6,13368757
668,2025.01.12 23:27:03.9,2025.01.12 23:27:13.9,13402242
669,2025.01.12 23:27:03.9,2025.01.12 23:27:13.9,13367096
670,2025.01.12 23:57:24.1,2025.01.12 23:58:24.1,80265816
671,2025.01.12 23:58:25.9,2025.01.12 23:59:25.9,80475108
672,2025.01.12 23:58:25.9,2025.01.12 23:59:25.9,80214899
673,2025.01.13 00:10:37.7,2025.01.13 00:10:38.7,1334930
674,2025.01.13 00:10:42.5,2025.01.13 00:10:43.5,1340186
675,2025.01.13 00:10:42.5,2025.01.13 00:10:43.5,1336527
676,2025.01.13 00:13:37.6,2025.01.13 00:14:37.6,80169344
677,2025.01.13 00:14:41.7,2025.01.13 00:15:41.7,80343435
678,2025.01.13 00:14:41.7,2025.01.13 00:15:41.7,80203315
679,2025.01.13 19:41:58.1,2025.01.13 19:41:59.1,961673
680,2025.01.13 19:42:00.6,2025.01.13 19:42:01.6,967956
681,2025.01.13 19:42:00.6,2025.01.13 19:42:01.6,964096
682,2025.01.13 19:53:39.0,2025.01.13 19:53:49.0,9637715
683,2025.01.13 19:53:50.6,2025.01.13 19:54:00.6,9639749
684,2025.01.13 19:53:50.6,2025.01.13 19:54:00.6,9650609
685,2025.01.13 20:12:19.6,2025.01.13 20:12:20.6,964109
686,2025.01.13 20:12:25.3,2025.01.13 20:12:26.3,966644
687,2025.01.13 20:12:25.3,2025.01.13 20:12:26.3,964233
688,2025.01.13 20:29:08.9,2025.01.13 20:29:13.9,4818936
689,2025.01.13 20:29:15.6,2025.01.13 20:29:20.6,4829452
690,2025.01.13 20:29:15.6,2025.01.13 20:29:20.6,4822753
691,2025.01.13 20:58:44.8,2025.01.13 20:58:54.8,9650513
692,2025.01.13 20:58:58.4,2025.01.13 20:59:08.4,9655607
693,2025.01.13 20:58:58.4,2025.01.13 20:59:08.4,9637708
694,2025.01.13 21:17:15.7,2025.01.13 21:18:15.7,57800819
695,2025.01.13 21:18:19.6,2025.01.13 21:19:19.6,57808890
696,2025.01.13 21:18:19.6,2025.01.13 21:19:19.6,57872190
697,2025.01.13 21:42:27.2,2025.01.13 21:42:28.2,963402
698,2025.01.13 21:42:31.7,2025.01.13 21:42:32.7,967773
699,2025.01.13 21:42:31.7,2025.01.13 21:42:32.7,965310
700,2025.01.13 22:08:06.9,2025.01.13 22:08:11.9,4813704
701,2025.01.13 22:08:16.6,2025.01.13 22:08:21.6,4829124
702,2025.01.13 22:08:16.6,2025.01.13 22:08:21.6,4820857
703,2025.01.13 22:33:43.3,2025.01.13 22:33:48.3,4816381
704,2025.01.13 22:33:50.2,2025.01.13 22:33:55.2,4824689
705,2025.01.13 22:33:50.2,2025.01.13 22:33:55.2,4815823
706,2025.01.13 22:48:40.8,2025.01.13 22:49:40.8,57827094
707,2025.01.13 22:49:41.8,2025.01.13 22:50:41.8,57899430
708,2025.01.13 22:49:41.8,2025.01.13 22:50:41.8,57878569
709,2025.01.13 22:57:21.6,2025.01.13 22:57:26.6,4819736
710,2025.01.13 22:57:30.5,2025.01.13 22:57:35.5,4836526
711,2025.01.13 22:57:30.5,2025.01.13 22:57:35.5,4818363
712,2025.01.13 22:59:13.2,2025.01.13 23:00:13.2,57809649
713,2025.01.13 23:00:17.9,2025.01.13 23:01:17.9,58097033
714,2025.01.13 23:00:17.9,2025.01.13 23:01:17.9,57873841
715,2025.01.13 23:12:28.2,2025.01.13 23:13:28.2,57878087
716,2025.01.13 23:13:30.9,2025.01.13 23:14:30.9,58026904
717,2025.01.13 23:13:30.9,2025.01.13 23:14:30.9,57901273
718,2025.01.13 23:15:53.8,2025.01.13 23:15:54.8,963231
719,2025.01.13 23:15:58.9,2025.01.13 23:15:59.9,966917
720,2025.01.13 23:15:58.9,2025.01.13 23:15:59.9,964655
721,2025.01.13 23:27:11.3,2025.01.13 23:28:11.3,57819374
722,2025.01.13 23:28:14.8,2025.01.13 23:29:14.8,57975733
723,2025.01.13 23:28:14.8,2025.01.13 23:29:14.8,57912460
724,2025.01.13 23:57:10.5,2025.01.13 23:57:15.5,4819077
725,2025.01.13 23:57:19.0,2025.01.13 23:57:24.0,4833413
726,2025.01.13 23:57:19.0,2025.01.13 23:57:24.0,4816628
727,2025.01.14 00:05:37.2,2025.01.14 00:05:42.2,4813494
728,2025.01.14 00:05:43.7,2025.01.14 00:05:48.7,4838519
729,2025.01.14 00:05:43.7,2025.01.14 00:05:48.7,4815244
730,2025.01.14 00:29:28.0,2025.01.14 00:29:29.0,962713
731,2025.01.14 00:29:33.0,2025.01.14 00:29:34.0,964037
732,2025.01.14 00:29:33.0,2025.01.14 00:29:34.0,963364
733,2025.01.14 00:55:09.0,2025.01.14 00:55:14.0,4815423
734,2025.01.14 00:55:18.6,2025.01.14 00:55:23.6,4839598
735,2025.01.14 00:55:18.6,2025.01.14 00:55:23.6,4818033
736,2025.01.14 19:40:18.4,2025.01.14 19:40:28.4,16259271
737,2025.01.14 19:40:30.9,2025.01.14 19:40:40.9,16301666
738,2025.01.14 19:40:30.9,2025.01.14 19:40:40.9,16291993
739,2025.01.14 20:05:49.5,2025.01.14 20:05:50.5,1629912
740,2025.01.14 20:05:52.5,2025.01.14 20:05:53.5,1630664
741,2025.01.14 20:05:52.5,2025.01.14 20:05:53.5,1627154
742,2025.01.14 20:18:29.5,2025.01.14 20:19:29.5,97743262
743,2025.01.14 20:19:31.2,2025.01.14 20:20:31.2,97880200
744,2025.01.14 20:19:31.2,2025.01.14 20:20:31.2,97642673
745,2025.01.14 20:42:57.4,2025.01.14 20:43:02.4,8135857
746,2025.01.14 20:43:04.6,2025.01.14 20:43:09.6,8145072
747,2025.01.14 20:43:04.6,2025.01.14 20:43:09.6,8146677
748,2025.01.14 20:58:01.8,2025.01.14 20:58:02.8,1627834
749,2025.01.14 20:58:05.8,2025.01.14 20:58:06.8,1629863
750,2025.01.14 20:58:05.8,2025.01.14 20:58:06.8,1631599
751,2025.01.14 21:04:57.9,2025.01.14 21:05:07.9,16273894
752,2025.01.14 21:05:12.9,2025.01.14 21:05:22.9,16315027
753,2025.01.14 21:05:12.9,2025.01.14 21:05:22.9,16278747
754,2025.01.14 21:15:10.5,2025.01.14 21:15:15.5,8141730
755,2025.01.14 21:15:18.5,2025.01.14 21:15:23.5,8161213
756,2025.01.14 21:15:18.5,2025.01.14 21:15:23.5,8136778
757,2025.01.14 21:38:22.9,2025.01.14 21:38:27.9,8144585
758,2025.01.14 21:38:32.0,2025.01.14 21:38:37.0,8149768
759,2025.01.14 21:38:32.0,2025.01.14 21:38:37.0,8136993
760,2025.01.14 21:51:19.6,2025.01.14 21:51:29.6,16281364
761,2025.01.14 21:51:31.7,2025.01.14 21:51:41.7,16328024
762,2025.01.14 21:51:31.7,2025.01.14 21:51:41.7,16296508
763,2025.01.14 22:12:10.3,2025.01.14 22:12:15.3,8142955
764,2025.01.14 22:12:18.9,2025.01.14 22:12:23.9,8154119
765,2025.01.14 22:12:18.9,2025.01.14 22:12:23.9,8147721
766,2025.01.14 22:14:58.2,2025.01.14 22:15:08.2,16268755
767,2025.01.14 22:15:10.4,2025.01.14 22:15:20.4,16311815
768,2025.01.14 22:15:10.4,2025.01.14 22:15:20.4,16277904
769,2025.01.14 22:39:27.2,2025.01.14 22:39:32.2,8142901
770,2025.01.14 22:39:34.2,2025.01.14 22:39:39.2,8153690
771,2025.01.14 22:39:34.2,2025.01.14 22:39:39.2,8142071
772,2025.01.14 23:08:23.9,2025.01.14 23:08:33.9,16281107
773,2025.01.14 23:08:37.0,2025.01.14 23:08:47.0,16269424
774,2025.01.14 23:08:37.0,2025.01.14 23:08:47.0,16255752
775,2025.01.14 23:28:47.1,2025.01.14 23:29:47.1,97680340
776,2025.01.14 23:29:48.8,2025.01.14 23:30:48.8,97911336
777,2025.01.14 23:29:48.8,2025.01.14 23:30:48.8,97651328
778,2025.01.14 23:59:14.0,2025.01.14 23:59:19.0,8139935
779,2025.01.14 23:59:20.4,2025.01.14 23:59:25.4,8153725
780,2025.01.14 23:59:20.4,2025.01.14 23:59:25.4,8142532
781,2025.01.15 00:19:48.9,2025.01.15 00:19:53.9,8165126
782,2025.01.15 00:19:56.2,2025.01.15 00:20:01.2,8156924
783,2025.01.15 00:19:56.2,2025.01.15 00:20:01.2,8137746
784,2025.01.15 00:30:37.3,2025.01.15 00:31:37.3,97748246
785,2025.01.15 00:31:40.0,2025.01.15 00:32:40.0,97970108
786,2025.01.15 00:31:40.0,2025.01.15 00:32:40.0,97652071
787,2025.01.15 19:29:13.7,2025.01.15 19:29:18.7,5846115
788,2025.01.15 19:29:21.2,2025.01.15 19:29:26.2,5846646
789,2025.01.15 19:29:21.2,2025.01.15 19:29:26.2,5826643
790,2025.01.15 19:41:16.0,2025.01.15 19:41:21.0,5833216
791,2025.01.15 19:41:24.9,2025.01.15 19:41:29.9,5857626
792,2025.01.15 19:41:24.9,2025.01.15 19:41:29.9,5827043
793,2025.01.15 20:02:02.1,2025.01.15 20:03:02.1,69962778
794,2025.01.15 20:03:03.1,2025.01.15 20:04:03.1,70034657
795,2025.01.15 20:03:03.1,2025.01.15 20:04:03.1,69992986
796,2025.01.15 20:06:44.3,2025.01.15 20:06:54.3,11661767
797,2025.01.15 20:06:56.8,2025.01.15 20:07:06.8,11701317
798,2025.01.15 20:06:56.8,2025.01.15 20:07:06.8,11678054
799,2025.01.15 20:08:20.0,2025.01.15 20:09:20.0,69964751
800,2025.01.15 20:09:23.8,2025.01.15 20:10:23.8,70113224
801,2025.01.15 20:09:23.8,2025.01.15 20:10:23.8,70094048
802,2025.01.15 20:23:17.4,2025.01.15 20:23:27.4,11685174
803,2025.01.15 20:23:29.5,2025.01.15 20:23:39.5,11678553
804,2025.01.15 20:23:29.5,2025.01.15 20:23:39.5,11651956
805,2025.01.15 20:29:24.9,2025.01.15 20:29:25.9,1168031
806,2025.01.15 20:29:27.2,2025.01.15 20:29:28.2,1168227
807,2025.01.15 20:29:27.2,2025.01.15 20:29:28.2,1166443
808,2025.01.15 20:56:53.1,2025.01.15 20:56:54.1,1166454
809,2025.01.15 20:56:57.5,2025.01.15 20:56:58.5,1169567
810,2025.01.15 20:56:57.5,2025.01.15 20:56:58.5,1166433
811,2025.01.15 20:58:21.0,2025.01.15 20:58:26.0,5830833
812,2025.01.15 20:58:27.1,2025.01.15 20:58:32.1,5844228
813,2025.01.15 20:58:27.1,2025.01.15 20:58:32.1,5827828
814,2025.01.15 21:06:51.0,2025.01.15 21:07:01.0,11678348
815,2025.01.15 21:07:04.4,2025.01.15 21:07:14.4,11682229
816,2025.01.15 21:07:04.4,2025.01.15 21:07:14.4,11650579
817,2025.01.15 21:08:38.1,2025.01.15 21:08:48.1,11654489
818,2025.01.15 21:08:52.0,2025.01.15 21:09:02.0,11702942
819,2025.01.15 21:08:52.0,2025.01.15 21:09:02.0,11663426
820,2025.01.15 21:13:24.9,2025.01.15 21:13:34.9,11654252
821,2025.01.15 21:13:39.1,2025.01.15 21:13:49.1,1170037553
822,2025.01.15 21:13:39.1,2025.01.15 21:13:49.1,11658381
823,2025.01.15 21:42:21.8,2025.01.15 21:42:26.8,5826966
824,2025.01.15 21:42:28.0,2025.01.15 21:42:33.0,5849283
825,2025.01.15 21:42:28.0,2025.01.15 21:42:33.0,5833911
826,2025.01.15 22:07:38.3,2025.01.15 22:07:39.3,1166548
827,2025.01.15 22:07:42.2,2025.01.15 22:07:43.2,1168593
828,2025.01.15 22:07:42.2,2025.01.15 22:07:43.2,1167621
829,2025.01.15 22:35:18.0,2025.01.15 22:36:18.0,69883945
830,2025.01.15 22:36:21.5,2025.01.15 22:37:21.5,70061615
831,2025.01.15 22:36:21.5,2025.01.15 22:37:21.5,69923306
832,2025.01.15 23:00:04.3,2025.01.15 23:01:04.3,70023749
833,2025.01.15 23:01:05.3,2025.01.15 23:02:05.3,70258971
834,2025.01.15 23:01:05.3,2025.01.15 23:02:05.3,70195762
835,2025.01.15 23:31:44.5,2025.01.15 23:32:44.5,70030878
836,2025.01.15 23:32:47.1,2025.01.15 23:33:47.1,70125176
837,2025.01.15 23:32:47.1,2025.01.15 23:33:47.1,69844695
838,2025.01.15 23:50:31.9,2025.01.15 23:50:41.9,11666294
839,2025.01.15 23:50:43.7,2025.01.15 23:50:53.7,11693121
840,2025.01.15 23:50:43.7,2025.01.15 23:50:53.7,11670088
841,2025.01.15 23:51:23.3,2025.01.15 23:52:23.3,70027747
842,2025.01.15 23:52:25.7,2025.01.15 23:53:25.7,70084963
843,2025.01.15 23:52:25.7,2025.01.15 23:53:25.7,69982656
844,2025.01.16 00:21:55.7,2025.01.16 00:22:55.7,69918246
845,2025.01.16 00:22:57.8,2025.01.16 00:23:57.8,70194818
846,2025.01.16 00:22:57.8,2025.01.16 00:23:57.8,69985187
847,2025.01.16 19:33:39.9,2025.01.16 19:33:49.9,8022242
848,2025.01.16 19:33:54.8,2025.01.16 19:34:04.8,8019442
849,2025.01.16 19:33:54.8,2025.01.16 19:34:04.8,8012358
850,2025.01.16 19:48:36.4,2025.01.16 19:49:36.4,48136019
851,2025.01.16 19:49:38.9,2025.01.16 19:50:38.9,48161809
852,2025.01.16 19:49:38.9,2025.01.16 19:50:38.9,48108586
853,2025.01.16 20:03:45.9,2025.01.16 20:03:55.9,8004975
854,2025.01.16 20:03:57.3,2025.01.16 20:04:07.3,8046207
855,2025.01.16 20:03:57.3,2025.01.16 20:04:07.3,8002931
856,2025.01.16 20:04:39.7,2025.01.16 20:04:40.7,800440
857,2025.01.16 20:04:44.9,2025.01.16 20:04:45.9,803137
858,2025.01.16 20:04:44.9,2025.01.16 20:04:45.9,801761
859,2025.01.16 20:25:57.0,2025.01.16 20:26:07.0,7991215
860,2025.01.16 20:26:11.1,2025.01.16 20:26:21.1,8038917
861,2025.01.16 20:26:11.1,2025.01.16 20:26:21.1,8011891
862,2025.01.16 20:36:53.6,2025.01.16 20:37:53.6,47967030
863,2025.01.16 20:37:58.5,2025.01.16 20:38:58.5,48336952
864,2025.01.16 20:37:58.5,2025.01.16 20:38:58.5,48046005
865,2025.01.16 20:41:27.2,2025.01.16 20:41:37.2,7996883
866,2025.01.16 20:41:38.8,2025.01.16 20:41:48.8,8041281
867,2025.01.16 20:41:38.8,2025.01.16 20:41:48.8,8020388
868,2025.01.16 21:07:39.9,2025.01.16 21:07:40.9,799843
869,2025.01.16 21:07:45.0,2025.01.16 21:07:46.0,803506
870,2025.01.16 21:07:45.0,2025.01.16 21:07:46.0,800985
871,2025.01.16 21:22:35.1,2025.01.16 21:22:45.1,8004075
872,2025.01.16 21:22:46.8,2025.01.16 21:22:56.8,8032505
873,2025.01.16 21:22:46.8,2025.01.16 21:22:56.8,8009126
874,2025.01.16 21:33:55.0,2025.01.16 21:34:05.0,8018120
875,2025.01.16 21:34:06.7,2025.01.16 21:34:16.7,8029475
876,2025.01.16 21:34:06.7,2025.01.16 21:34:16.7,8011665
877,2025.01.16 21:38:45.0,2025.01.16 21:38:55.0,8006789
878,2025.01.16 21:38:56.0,2025.01.16 21:39:06.0,8036762
879,2025.01.16 21:38:56.0,2025.01.16 21:39:06.0,8017710
880,2025.01.16 21:44:51.3,2025.01.16 21:44:56.3,4001908
881,2025.01.16 21:45:00.9,2025.01.16 21:45:05.9,4021603
882,2025.01.16 21:45:00.9,2025.01.16 21:45:05.9,4006926
883,2025.01.16 22:09:16.1,2025.01.16 22:09:21.1,4004652
884,2025.01.16 22:09:25.4,2025.01.16 22:09:30.4,4011859
885,2025.01.16 22:09:25.4,2025.01.16 22:09:30.4,4004399
886,2025.01.16 22:22:24.9,2025.01.16 22:23:24.9,47972813
887,2025.01.16 22:23:29.4,2025.01.16 22:24:29.4,48255135
888,2025.01.16 22:23:29.4,2025.01.16 22:24:29.4,48079323
889,2025.01.16 22:33:33.9,2025.01.16 22:33:43.9,7996845
890,2025.01.16 22:33:45.5,2025.01.16 22:33:55.5,8033671
891,2025.01.16 22:33:45.5,2025.01.16 22:33:55.5,8009217
892,2025.01.16 22:38:29.3,2025.01.16 22:38:30.3,802913
893,2025.01.16 22:38:31.6,2025.01.16 22:38:32.6,803084
894,2025.01.16 22:38:31.6,2025.01.16 22:38:32.6,801348
895,2025.01.16 22:38:55.1,2025.01.16 22:39:55.1,47991294
896,2025.01.16 22:39:58.8,2025.01.16 22:40:58.8,48208933
897,2025.01.16 22:39:58.8,2025.01.16 22:40:58.8,48115542
898,2025.01.16 23:07:39.5,2025.01.16 23:08:39.5,48040380
899,2025.01.16 23:08:41.4,2025.01.16 23:09:41.4,48108692
900,2025.01.16 23:08:41.4,2025.01.16 23:09:41.4,48036946
901,2025.01.16 23:32:28.6,2025.01.16 23:32:33.6,4015853
902,2025.01.16 23:32:38.5,2025.01.16 23:32:43.5,4017009
903,2025.01.16 23:32:38.5,2025.01.16 23:32:43.5,3999620
904,2025.01.16 23:42:19.1,2025.01.16 23:43:19.1,48158548
905,2025.01.16 23:43:20.8,2025.01.16 23:44:20.8,48202818
906,2025.01.16 23:43:20.8,2025.01.16 23:44:20.8,47995622
907,2025.01.17 00:03:24.7,2025.01.17 00:03:29.7,3999626
908,2025.01.17 00:03:33.4,2025.01.17 00:03:38.4,4019509
909,2025.01.17 00:03:33.4,2025.01.17 00:03:38.4,4002311
910,2025.01.17 00:07:06.5,2025.01.17 00:07:07.5,801755
911,2025.01.17 00:07:10.1,2025.01.17 00:07:11.1,802902
912,2025.01.17 00:07:10.1,2025.01.17 00:07:11.1,802274
913,2025.01.17 00:11:41.6,2025.01.17 00:11:42.6,801637
914,2025.01.17 00:11:44.1,2025.01.17 00:11:45.1,804060
915,2025.01.17 00:11:44.1,2025.01.17 00:11:45.1,802169
916,2025.01.17 00:29:07.4,2025.01.17 00:29:17.4,8012218
917,2025.01.17 00:29:20.1,2025.01.17 00:29:30.1,8039611
918,2025.01.17 00:29:20.1,2025.01.17 00:29:30.1,8006177
919,2025.01.17 20:00:13.2,2025.01.17 20:00:18.2,4379605
920,2025.01.17 20:00:22.8,2025.01.17 20:00:27.8,4391114
921,2025.01.17 20:00:22.8,2025.01.17 20:00:27.8,4380418
922,2025.01.17 20:05:39.3,2025.01.17 20:05:44.3,4376977
923,2025.01.17 20:05:47.8,2025.01.17 20:05:52.8,4386074
924,2025.01.17 20:05:47.8,2025.01.17 20:05:52.8,4377003
925,2025.01.17 20:16:28.7,2025.01.17 20:16:29.7,874987
926,2025.01.17 20:16:31.1,2025.01.17 20:16:32.1,877583
927,2025.01.17 20:16:31.1,2025.01.17 20:16:32.1,875495
928,2025.01.17 20:22:23.8,2025.01.17 20:22:28.8,4377645
929,2025.01.17 20:22:30.8,2025.01.17 20:22:35.8,4392030
930,2025.01.17 20:22:30.8,2025.01.17 20:22:35.8,4378742
931,2025.01.17 20:39:04.2,2025.01.17 20:39:14.2,8747999
932,2025.01.17 20:39:15.8,2025.01.17 20:39:25.8,8774412
933,2025.01.17 20:39:15.8,2025.01.17 20:39:25.8,8760145
934,2025.01.17 21:09:08.3,2025.01.17 21:09:18.3,8752693
935,2025.01.17 21:09:21.2,2025.01.17 21:09:31.2,8788513
936,2025.01.17 21:09:21.2,2025.01.17 21:09:31.2,8763705
937,2025.01.17 21:39:19.8,2025.01.17 21:39:20.8,876404
938,2025.01.17 21:39:22.5,2025.01.17 21:39:23.5,878449
939,2025.01.17 21:39:22.5,2025.01.17 21:39:23.5,874224
940,2025.01.17 21:46:09.4,2025.01.17 21:46:10.4,874276
941,2025.01.17 21:46:13.7,2025.01.17 21:46:14.7,877495
942,2025.01.17 21:46:13.7,2025.01.17 21:46:14.7,874786
943,2025.01.17 22:16:08.5,2025.01.17 22:16:13.5,4384732
944,2025.01.17 22:16:15.1,2025.01.17 22:16:20.1,4384169
945,2025.01.17 22:16:15.1,2025.01.17 22:16:20.1,4384388
946,2025.01.17 22:24:52.4,2025.01.17 22:25:02.4,8755102
947,2025.01.17 22:25:04.7,2025.01.17 22:25:14.7,8780674
948,2025.01.17 22:25:04.7,2025.01.17 22:25:14.7,8759674
949,2025.01.17 22:40:01.6,2025.01.17 22:40:02.6,876879
950,2025.01.17 22:40:03.8,2025.01.17 22:40:04.8,878182
951,2025.01.17 22:40:03.8,2025.01.17 22:40:04.8,874882
952,2025.01.17 22:56:01.5,2025.01.17 22:56:11.5,8751843
953,2025.01.17 22:56:13.2,2025.01.17 22:56:23.2,8780435
954,2025.01.17 22:56:13.2,2025.01.17 22:56:23.2,8759434
955,2025.01.17 22:59:48.6,2025.01.17 22:59:49.6,875863
956,2025.01.17 22:59:51.3,2025.01.17 22:59:52.3,877654
957,2025.01.17 22:59:51.3,2025.01.17 22:59:52.3,873951
958,2025.01.17 23:13:48.6,2025.01.17 23:13:49.6,874503
959,2025.01.17 23:13:51.1,2025.01.17 23:13:52.1,878210
960,2025.01.17 23:13:51.1,2025.01.17 23:13:52.1,874722
961,2025.01.17 23:40:26.4,2025.01.17 23:40:27.4,875606
962,2025.01.17 23:40:31.9,2025.01.17 23:40:32.9,877068
963,2025.01.17 23:40:31.9,2025.01.17 23:40:32.9,873826
964,2025.01.17 23:55:38.9,2025.01.17 23:55:39.9,874832
965,2025.01.17 23:55:42.1,2025.01.17 23:55:43.1,877652
966,2025.01.17 23:55:42.1,2025.01.17 23:55:43.1,875618
967,2025.01.18 00:05:47.8,2025.01.18 00:05:57.8,874790646
968,2025.01.18 00:06:01.2,2025.01.18 00:06:11.2,8774836
969,2025.01.18 00:06:01.2,2025.01.18 00:06:11.2,8738321
970,2025.01.18 00:34:47.9,2025.01.18 00:34:57.9,8768529
971,2025.01.18 00:34:59.0,2025.01.18 00:35:09.0,8791500
972,2025.01.18 00:34:59.0,2025.01.18 00:35:09.0,8743671
973,2025.01.18 01:02:26.3,2025.01.18 01:02:31.3,4369573
974,2025.01.18 01:02:35.7,2025.01.18 01:02:40.7,4386464
975,2025.01.18 01:02:35.7,2025.01.18 01:02:40.7,4387524
976,2025.01.18 20:08:10.3,2025.01.18 20:09:10.3,75716329
977,2025.01.18 20:09:15.1,2025.01.18 20:10:15.1,76002362
978,2025.01.18 20:09:15.1,2025.01.18 20:10:15.1,75700827
979,2025.01.18 20:29:35.0,2025.01.18 20:29:45.0,12643357
980,2025.01.18 20:29:48.9,2025.01.18 20:29:58.9,12650050
981,2025.01.18 20:29:48.9,2025.01.18 20:29:58.9,12623343
982,2025.01.18 20:42:32.8,2025.01.18 20:43:32.8,75656551
983,2025.01.18 20:43:34.5,2025.01.18 20:44:34.5,76009010
984,2025.01.18 20:43:34.5,2025.01.18 20:44:34.5,75809523
985,2025.01.18 21:03:43.6,2025.01.18 21:03:44.6,1264074
986,2025.01.18 21:03:48.3,2025.01.18 21:03:49.3,1266302
987,2025.01.18 21:03:48.3,2025.01.18 21:03:49.3,1263878
988,2025.01.18 21:24:19.9,2025.01.18 21:24:20.9,1263373
989,2025.01.18 21:24:22.7,2025.01.18 21:24:23.7,1265032
990,2025.01.18 21:24:22.7,2025.01.18 21:24:23.7,1262924
991,2025.01.18 21:29:40.8,2025.01.18 21:29:45.8,6322360
992,2025.01.18 21:29:49.5,2025.01.18 21:29:54.5,6335956
993,2025.01.18 21:29:49.5,2025.01.18 21:29:54.5,6319437
994,2025.01.18 22:00:02.3,2025.01.18 22:00:07.3,6317121
995,2025.01.18 22:00:09.6,2025.01.18 22:00:14.6,6334159
996,2025.01.18 22:00:09.6,2025.01.18 22:00:14.6,6313975
997,2025.01.18 22:01:10.1,2025.01.18 22:01:15.1,6314372
998,2025.01.18 22:01:16.6,2025.01.18 22:01:21.6,6329193
999,2025.01.18 22:01:16.6,2025.01.18 22:01:21.6,6321788
1000,2025.01.18 22:30:17.1,2025.01.18 22:30:22.1,6312527
1001,2025.01.18 22:30:24.8,2025.01.18 22:30:29.8,6328134
1002,2025.01.18 22:30:24.8,2025.01.18 22:30:29.8,6319683
1003,2025.01.18 22:39:57.3,2025.01.18 22:39:58.3,1263212
1004,2025.01.18 22:39:59.7,2025.01.18 22:40:00.7,1264888
1005,2025.01.18 22:39:59.7,2025.01.18 22:40:00.7,1263082
1006,2025.01.18 22:45:47.0,2025.01.18 22:45:57.0,12620627
1007,2025.01.18 22:46:01.2,2025.01.18 22:46:11.2,12658505
1008,2025.01.18 22:46:01.2,2025.01.18 22:46:11.2,12655166
1009,2025.01.18 22:59:30.7,2025.01.18 22:59:31.7,1263314
1010,2025.01.18 22:59:34.3,2025.01.18 22:59:35.3,1264240
1011,2025.01.18 22:59:34.3,2025.01.18 22:59:35.3,1263393
1012,2025.01.18 23:10:38.6,2025.01.18 23:11:38.6,75750169
1013,2025.01.18 23:11:42.2,2025.01.18 23:12:42.2,75981804
1014,2025.01.18 23:11:42.2,2025.01.18 23:12:42.2,75785364
1015,2025.01.18 23:26:16.1,2025.01.18 23:26:26.1,12633042
1016,2025.01.18 23:26:30.0,2025.01.18 23:26:40.0,12660131
1017,2025.01.18 23:26:30.0,2025.01.18 23:26:40.0,12631146
1018,2025.01.18 23:54:47.2,2025.01.18 23:54:52.2,6312517
1019,2025.01.18 23:54:57.0,2025.01.18 23:55:02.0,6322027
1020,2025.01.18 23:54:57.0,2025.01.18 23:55:02.0,6311110
1021,2025.01.19 00:10:40.4,2025.01.19 00:10:50.4,12621214
1022,2025.01.19 00:10:53.6,2025.01.19 00:11:03.6,12651982
1023,2025.01.19 00:10:53.6,2025.01.19 00:11:03.6,12618205
1024,2025.01.19 00:24:15.5,2025.01.19 00:24:25.5,12607096
1025,2025.01.19 00:24:28.0,2025.01.19 00:24:38.0,12638329
1026,2025.01.19 00:24:28.0,2025.01.19 00:24:38.0,12636815
1027,2025.01.19 00:25:46.1,2025.01.19 00:26:46.1,75711989
1028,2025.01.19 00:26:49.1,2025.01.19 00:27:49.1,76062909
1029,2025.01.19 00:26:49.1,2025.01.19 00:27:49.1,75748241
1030,2025.01.19 00:43:27.5,2025.01.19 00:43:37.5,12627153
1031,2025.01.19 00:43:39.3,2025.01.19 00:43:49.3,12649702
1032,2025.01.19 00:43:39.3,2025.01.19 00:43:49.3,12617663
1033,2025.01.19 19:56:11.4,2025.01.19 19:56:16.4,10390990
1034,2025.01.19 19:56:20.1,2025.01.19 19:56:25.1,10385046
1035,2025.01.19 19:56:20.1,2025.01.19 19:56:25.1,10386674
1036,2025.01.19 20:15:58.3,2025.01.19 20:16:58.3,124480450
1037,2025.01.19 20:17:01.7,2025.01.19 20:18:01.7,124629811
1038,2025.01.19 20:17:01.7,2025.01.19 20:18:01.7,124676480
1039,2025.01.19 20:48:48.1,2025.01.19 20:49:48.1,124639224
1040,2025.01.19 20:49:50.7,2025.01.19 20:50:50.7,124741207
1041,2025.01.19 20:49:50.7,2025.01.19 20:50:50.7,124587007
1042,2025.01.19 21:07:27.1,2025.01.19 21:07:28.1,2074938
1043,2025.01.19 21:07:32.0,2025.01.19 21:07:33.0,2078663
1044,2025.01.19 21:07:32.0,2025.01.19 21:07:33.0,2077510
1045,2025.01.19 21:14:05.9,2025.01.19 21:14:10.9,10370002
1046,2025.01.19 21:14:15.6,2025.01.19 21:14:20.6,10395796
1047,2025.01.19 21:14:15.6,2025.01.19 21:14:20.6,10384539
1048,2025.01.19 21:34:06.0,2025.01.19 21:34:07.0,2075144
1049,2025.01.19 21:34:08.6,2025.01.19 21:34:09.6,2080011
1050,2025.01.19 21:34:08.6,2025.01.19 21:34:09.6,2077171
1051,2025.01.19 21:34:15.5,2025.01.19 21:35:15.5,124755365
1052,2025.01.19 21:35:18.9,2025.01.19 21:36:18.9,124720453
1053,2025.01.19 21:35:18.9,2025.01.19 21:36:18.9,124579284
1054,2025.01.19 21:51:30.3,2025.01.19 21:51:31.3,2076978
1055,2025.01.19 21:51:34.6,2025.01.19 21:51:35.6,2079975
1056,2025.01.19 21:51:34.6,2025.01.19 21:51:35.6,2076194
1057,2025.01.19 21:58:24.4,2025.01.19 21:59:24.4,124510447
1058,2025.01.19 21:59:26.7,2025.01.19 22:00:26.7,124623792
1059,2025.01.19 21:59:26.7,2025.01.19 22:00:26.7,124506186
1060,2025.01.19 22:16:03.9,2025.01.19 22:17:03.9,124653445
1061,2025.01.19 22:17:06.4,2025.01.19 22:18:06.4,124782752
1062,2025.01.19 22:17:06.4,2025.01.19 22:18:06.4,124551972
1063,2025.01.19 22:26:43.5,2025.01.19 22:26:53.5,20793185
1064,2025.01.19 22:26:57.3,2025.01.19 22:27:07.3,20777433
1065,2025.01.19 22:26:57.3,2025.01.19 22:27:07.3,20779324
1066,2025.01.19 22:54:48.1,2025.01.19 22:54:53.1,10386688
1067,2025.01.19 22:54:56.5,2025.01.19 22:55:01.5,10370441
1068,2025.01.19 22:54:56.5,2025.01.19 22:55:01.5,10379357
1069,2025.01.19 23:16:44.9,2025.01.19 23:17:44.9,124646909
1070,2025.01.19 23:17:48.7,2025.01.19 23:18:48.7,124713055
1071,2025.01.19 23:17:48.7,2025.01.19 23:18:48.7,124618756
1072,2025.01.19 23:44:50.3,2025.01.19 23:44:51.3,2077471
1073,2025.01.19 23:44:54.5,2025.01.19 23:44:55.5,2081568
1074,2025.01.19 23:44:54.5,2025.01.19 23:44:55.5,2073997
1075,2025.01.20 00:01:51.6,2025.01.20 00:01:52.6,2076358
1076,2025.01.20 00:01:57.1,2025.01.20 00:01:58.1,2078676
1077,2025.01.20 00:01:57.1,2025.01.20 00:01:58.1,2073385
1078,2025.01.20 00:13:05.2,2025.01.20 00:14:05.2,124653481
1079,2025.01.20 00:14:10.0,2025.01.20 00:15:10.0,124758025
1080,2025.01.20 00:14:10.0,2025.01.20 00:15:10.0,124766647
1081,2025.01.20 00:44:35.3,2025.01.20 00:44:40.3,10376699
1082,2025.01.20 00:44:44.3,2025.01.20 00:44:49.3,10405537
1083,2025.01.20 00:44:44.3,2025.01.20 00:44:49.3,10397661
1084,2025.01.20 19:29:16.5,2025.01.20 19:30:16.5,52811375
1085,2025.01.20 19:30:18.0,2025.01.20 19:31:18.0,52941874
1086,2025.01.20 19:30:18.0,2025.01.20 19:31:18.0,52881532
1087,2025.01.20 19:45:05.3,2025.01.20 19:45:06.3,878932
1088,2025.01.20 19:45:07.6,2025.01.20 19:45:08.6,883175
1089,2025.01.20 19:45:07.6,2025.01.20 19:45:08.6,879065
1090,2025.01.20 20:06:19.2,2025.01.20 20:06:24.2,4405150
1091,2025.01.20 20:06:29.2,2025.01.20 20:06:34.2,4404190
1092,2025.01.20 20:06:29.2,2025.01.20 20:06:34.2,4394545
1093,2025.01.20 20:10:43.2,2025.01.20 20:11:43.2,52793584
1094,2025.01.20 20:11:47.9,2025.01.20 20:12:47.9,52956740
1095,2025.01.20 20:11:47.9,2025.01.20 20:12:47.9,52815991
1096,2025.01.20 20:16:38.0,2025.01.20 20:16:39.0,880188
1097,2025.01.20 20:16:43.1,2025.01.20 20:16:44.1,883033
1098,2025.01.20 20:16:43.1,2025.01.20 20:16:44.1,881096
1099,2025.01.20 20:19:58.0,2025.01.20 20:20:08.0,8814336
1100,2025.01.20 20:20:12.1,2025.01.20 20:20:22.1,8826387
1101,2025.01.20 20:20:12.1,2025.01.20 20:20:22.1,8806194
1102,2025.01.20 20:36:03.4,2025.01.20 20:37:03.4,52806569
1103,2025.01.20 20:37:05.4,2025.01.20 20:38:05.4,53040373
1104,2025.01.20 20:37:05.4,2025.01.20 20:38:05.4,52749072
1105,2025.01.20 20:42:04.3,2025.01.20 20:43:04.3,52799749
1106,2025.01.20 20:43:05.3,2025.01.20 20:44:05.3,52966226
1107,2025.01.20 20:43:05.3,2025.01.20 20:44:05.3,52833700
1108,2025.01.20 20:59:00.7,2025.01.20 20:59:05.7,4398703
1109,2025.01.20 20:59:07.5,2025.01.20 20:59:12.5,4417387
1110,2025.01.20 20:59:07.5,2025.01.20 20:59:12.5,4404761
1111,2025.01.20 20:59:32.3,2025.01.20 21:00:32.3,52844133
1112,2025.01.20 21:00:33.8,2025.01.20 21:01:33.8,52963424
1113,2025.01.20 21:00:33.8,2025.01.20 21:01:33.8,52760070
1114,2025.01.20 21:23:29.6,2025.01.20 21:24:29.6,52811762
1115,2025.01.20 21:24:33.2,2025.01.20 21:25:33.2,52986002
1116,2025.01.20 21:24:33.2,2025.01.20 21:25:33.2,52773257
1117,2025.01.20 21:47:34.4,2025.01.20 21:47:44.4,8799285
1118,2025.01.20 21:47:47.6,2025.01.20 21:47:57.6,8828983
1119,2025.01.20 21:47:47.6,2025.01.20 21:47:57.6,8801664
1120,2025.01.20 22:17:01.1,2025.01.20 22:17:11.1,8794571
1121,2025.01.20 22:17:14.4,2025.01.20 22:17:24.4,8831501
1122,2025.01.20 22:17:14.4,2025.01.20 22:17:24.4,8804926
1123,2025.01.20 22:26:56.5,2025.01.20 22:27:56.5,52854364
1124,2025.01.20 22:27:59.5,2025.01.20 22:28:59.5,52932868
1125,2025.01.20 22:27:59.5,2025.01.20 22:28:59.5,52790321
1126,2025.01.20 22:37:55.3,2025.01.20 22:38:00.3,4399323
1127,2025.01.20 22:38:04.9,2025.01.20 22:38:09.9,4420335
1128,2025.01.20 22:38:04.9,2025.01.20 22:38:09.9,4398577
1129,2025.01.20 22:57:18.6,2025.01.20 22:57:23.6,4395514
1130,2025.01.20 22:57:26.1,2025.01.20 22:57:31.1,4412717
1131,2025.01.20 22:57:26.1,2025.01.20 22:57:31.1,4401163
1132,2025.01.20 23:26:51.8,2025.01.20 23:27:51.8,52797151
1133,2025.01.20 23:27:56.2,2025.01.20 23:28:56.2,53099985
1134,2025.01.20 23:27:56.2,2025.01.20 23:28:56.2,52858189
1135,2025.01.20 23:58:37.5,2025.01.20 23:58:47.5,8806223
1136,2025.01.20 23:58:49.5,2025.01.20 23:58:59.5,8839118
1137,2025.01.20 23:58:49.5,2025.01.20 23:58:59.5,8796656
1138,2025.01.21 00:18:54.8,2025.01.21 00:18:59.8,4399729
1139,2025.01.21 00:19:03.7,2025.01.21 00:19:08.7,4409408
1140,2025.01.21 00:19:03.7,2025.01.21 00:19:08.7,4393322
1141,2025.01.21 00:26:04.0,2025.01.21 00:26:09.0,4406325
1142,2025.01.21 00:26:12.4,2025.01.21 00:26:17.4,4411386
1143,2025.01.21 00:26:12.4,2025.01.21 00:26:17.4,4399620
1144,2025.01.21 00:30:47.5,2025.01.21 00:30:57.5,8815065
1145,2025.01.21 00:31:00.2,2025.01.21 00:31:10.2,8815917
1146,2025.01.21 00:31:00.2,2025.01.21 00:31:10.2,8791339
1147,2025.01.21 19:17:08.1,2025.01.21 19:18:08.1,175159576
1148,2025.01.21 19:18:11.6,2025.01.21 19:19:11.6,175214922
1149,2025.01.21 19:18:11.6,2025.01.21 19:19:11.6,175239697
1150,2025.01.21 19:21:18.1,2025.01.21 19:22:18.1,174921343
1151,2025.01.21 19:22:23.0,2025.01.21 19:23:23.0,175167657
1152,2025.01.21 19:22:23.0,2025.01.21 19:23:23.0,174831662
1153,2025.01.21 19:49:41.3,2025.01.21 19:49:46.3,14580464
1154,2025.01.21 19:49:49.0,2025.01.21 19:49:54.0,14599952
1155,2025.01.21 19:49:49.0,2025.01.21 19:49:54.0,14555430
1156,2025.01.21 20:18:09.2,2025.01.21 20:18:10.2,2918617
1157,2025.01.21 20:18:13.3,2025.01.21 20:18:14.3,2919752
1158,2025.01.21 20:18:13.3,2025.01.21 20:18:14.3,2918550
1159,2025.01.21 20:22:20.7,2025.01.21 20:22:21.7,2914702
1160,2025.01.21 20:22:24.0,2025.01.21 20:22:25.0,2921270
1161,2025.01.21 20:22:24.0,2025.01.21 20:22:25.0,2918891
1162,2025.01.21 20:40:34.6,2025.01.21 20:40:35.6,2913026
1163,2025.01.21 20:40:39.2,2025.01.21 20:40:40.2,2917546
1164,2025.01.21 20:40:39.2,2025.01.21 20:40:40.2,2920280
1165,2025.01.21 21:01:22.9,2025.01.21 21:01:32.9,29149132
1166,2025.01.21 21:01:36.3,2025.01.21 21:01:46.3,29174789
1167,2025.01.21 21:01:36.3,2025.01.21 21:01:46.3,29183310
1168,2025.01.21 21:28:40.0,2025.01.21 21:28:41.0,2920736
1169,2025.01.21 21:28:43.5,2025.01.21 21:28:44.5,2918244
1170,2025.01.21 21:28:43.5,2025.01.21 21:28:44.5,2924267
1171,2025.01.21 21:36:32.2,2025.01.21 21:36:42.2,29188764
1172,2025.01.21 21:36:45.3,2025.01.21 21:36:55.3,29183747
1173,2025.01.21 21:36:45.3,2025.01.21 21:36:55.3,29168810
1174,2025.01.21 21:54:26.0,2025.01.21 21:54:31.0,14566999
1175,2025.01.21 21:54:32.9,2025.01.21 21:54:37.9,14598755
1176,2025.01.21 21:54:32.9,2025.01.21 21:54:37.9,14583624
1177,2025.01.21 21:55:55.6,2025.01.21 21:56:55.6,175155861
1178,2025.01.21 21:56:57.4,2025.01.21 21:57:57.4,175097105
1179,2025.01.21 21:56:57.4,2025.01.21 21:57:57.4,174980596
1180,2025.01.21 21:59:48.5,2025.01.21 21:59:53.5,14564736
1181,2025.01.21 21:59:55.7,2025.01.21 22:00:00.7,14577568
1182,2025.01.21 21:59:55.7,2025.01.21 22:00:00.7,14578175
1183,2025.01.21 22:06:57.8,2025.01.21 22:07:02.8,14585904
1184,2025.01.21 22:07:05.9,2025.01.21 22:07:10.9,14631016
1185,2025.01.21 22:07:05.9,2025.01.21 22:07:10.9,14610860
1186,2025.01.21 22:37:14.4,2025.01.21 22:37:24.4,29164406
1187,2025.01.21 22:37:26.0,2025.01.21 22:37:36.0,29194597
1188,2025.01.21 22:37:26.0,2025.01.21 22:37:36.0,29161608
1189,2025.01.21 23:01:32.9,2025.01.21 23:01:42.9,29165566
1190,2025.01.21 23:01:46.6,2025.01.21 23:01:56.6,29205090
1191,2025.01.21 23:01:46.6,2025.01.21 23:01:56.6,29153456
1192,2025.01.21 23:09:03.3,2025.01.21 23:10:03.3,174779213
1193,2025.01.21 23:10:08.0,2025.01.21 23:11:08.0,175072405
1194,2025.01.21 23:10:08.0,2025.01.21 23:11:08.0,175010836
1195,2025.01.21 23:15:46.6,2025.01.21 23:16:46.6,175153657
1196,2025.01.21 23:16:49.2,2025.01.21 23:17:49.2,175067909
1197,2025.01.21 23:16:49.2,2025.01.21 23:17:49.2,175120051
1198,2025.01.21 23:29:09.2,2025.01.21 23:30:09.2,174934351
1199,2025.01.21 23:30:12.2,2025.01.21 23:31:12.2,175162668
1200,2025.01.21 23:30:12.2,2025.01.21 23:31:12.2,174822889
1201,2025.01.21 23:52:27.2,2025.01.21 23:52:32.2,14576134
1202,2025.01.21 23:52:36.1,2025.01.21 23:52:41.1,14607744
1203,2025.01.21 23:52:36.1,2025.01.21 23:52:41.1,14590717
1204,2025.01.22 00:13:31.4,2025.01.22 00:13:36.4,14585445
1205,2025.01.22 00:13:40.1,2025.01.22 00:13:45.1,14604382
1206,2025.01.22 00:13:40.1,2025.01.22 00:13:45.1,14573333
1207,2025.01.22 19:46:11.7,2025.01.22 19:46:21.7,9554633
1208,2025.01.22 19:46:23.7,2025.01.22 19:46:33.7,9579392
1209,2025.01.22 19:46:23.7,2025.01.22 19:46:33.7,9569367
1210,2025.01.22 20:14:00.4,2025.01.22 20:14:10.4,9554989
1211,2025.01.22 20:14:15.3,2025.01.22 20:14:25.3,9572460
1212,2025.01.22 20:14:15.3,2025.01.22 20:14:25.3,9558634
1213,2025.01.22 20:23:51.7,2025.01.22 20:23:52.7,955760
1214,2025.01.22 20:23:55.0,2025.01.22 20:23:56.0,959063
1215,2025.01.22 20:23:55.0,2025.01.22 20:23:56.0,955963
1216,2025.01.22 20:41:02.8,2025.01.22 20:41:03.8,955679
1217,2025.01.22 20:41:08.2,2025.01.22 20:41:09.2,958655
1218,2025.01.22 20:41:08.2,2025.01.22 20:41:09.2,956611
1219,2025.01.22 20:58:16.4,2025.01.22 20:58:21.4,4780668
1220,2025.01.22 20:58:23.6,2025.01.22 20:58:28.6,4793344
1221,2025.01.22 20:58:23.6,2025.01.22 20:58:28.6,4778726
1222,2025.01.22 21:08:21.8,2025.01.22 21:08:31.8,9544974
1223,2025.01.22 21:08:34.8,2025.01.22 21:08:44.8,9588153
1224,2025.01.22 21:08:34.8,2025.01.22 21:08:44.8,9557813
1225,2025.01.22 21:26:13.3,2025.01.22 21:26:14.3,955063
1226,2025.01.22 21:26:17.6,2025.01.22 21:26:18.6,959166
1227,2025.01.22 21:26:17.6,2025.01.22 21:26:18.6,954962
1228,2025.01.22 21:53:58.3,2025.01.22 21:54:03.3,4789113
1229,2025.01.22 21:54:07.8,2025.01.22 21:54:12.8,4801238
1230,2025.01.22 21:54:07.8,2025.01.22 21:54:12.8,4778281
1231,2025.01.22 22:17:34.7,2025.01.22 22:17:35.7,956010
1232,2025.01.22 22:17:40.4,2025.01.22 22:17:41.4,960808
1233,2025.01.22 22:17:40.4,2025.01.22 22:17:41.4,957196
1234,2025.01.22 22:33:48.5,2025.01.22 22:33:49.5,955693
1235,2025.01.22 22:33:51.5,2025.01.22 22:33:52.5,958282
1236,2025.01.22 22:33:51.5,2025.01.22 22:33:52.5,955513
1237,2025.01.22 23:02:30.5,2025.01.22 23:02:31.5,955703
1238,2025.01.22 23:02:33.4,2025.01.22 23:02:34.4,957389
1239,2025.01.22 23:02:33.4,2025.01.22 23:02:34.4,956408
1240,2025.01.22 23:14:50.3,2025.01.22 23:14:51.3,955522
1241,2025.01.22 23:14:54.3,2025.01.22 23:14:55.3,958084
1242,2025.01.22 23:14:54.3,2025.01.22 23:14:55.3,956704
1243,2025.01.22 23:19:27.0,2025.01.22 23:19:28.0,956090
1244,2025.01.22 23:19:32.3,2025.01.22 23:19:33.3,959579
1245,2025.01.22 23:19:32.3,2025.01.22 23:19:33.3,955145
1246,2025.01.22 23:21:15.6,2025.01.22 23:21:25.6,9585052
1247,2025.01.22 23:21:28.1,2025.01.22 23:21:38.1,9593207
1248,2025.01.22 23:21:28.1,2025.01.22 23:21:38.1,9569059
1249,2025.01.22 23:45:36.6,2025.01.22 23:46:36.6,57341392
1250,2025.01.22 23:46:39.4,2025.01.22 23:47:39.4,57500985
1251,2025.01.22 23:46:39.4,2025.01.22 23:47:39.4,57341302
1252,2025.01.23 00:00:53.5,2025.01.23 00:01:03.5,9557189
1253,2025.01.23 00:01:06.4,2025.01.23 00:01:16.4,9595374
1254,2025.01.23 00:01:06.4,2025.01.23 00:01:16.4,9548693
1255,2025.01.23 00:30:32.7,2025.01.23 00:30:37.7,4772207
1256,2025.01.23 00:30:42.7,2025.01.23 00:30:47.7,4790989
1257,2025.01.23 00:30:42.7,2025.01.23 00:30:47.7,4778376
1258,2025.01.23 00:32:34.5,2025.01.23 00:32:44.5,9552154
1259,2025.01.23 00:32:49.4,2025.01.23 00:32:59.4,9605700
1260,2025.01.23 00:32:49.4,2025.01.23 00:32:59.4,9555921
1261,2025.01.23 00:59:23.1,2025.01.23 00:59:24.1,955182
1262,2025.01.23 00:59:27.3,2025.01.23 00:59:28.3,958801
1263,2025.01.23 00:59:27.3,2025.01.23 00:59:28.3,955115
1264,2025.01.23 19:30:22.3,2025.01.23 19:30:32.3,15602342
1265,2025.01.23 19:30:36.8,2025.01.23 19:30:46.8,15637075
1266,2025.01.23 19:30:36.8,2025.01.23 19:30:46.8,15606319
1267,2025.01.23 19:55:08.4,2025.01.23 19:55:13.4,7797142
1268,2025.01.23 19:55:16.9,2025.01.23 19:55:21.9,7807935
1269,2025.01.23 19:55:16.9,2025.01.23 19:55:21.9,7803254
1270,2025.01.23 20:10:52.1,2025.01.23 20:11:02.1,15582343
1271,2025.01.23 20:11:03.5,2025.01.23 20:11:13.5,15619412
1272,2025.01.23 20:11:03.5,2025.01.23 20:11:13.5,15596144
1273,2025.01.23 20:11:43.3,2025.01.23 20:11:53.3,15594411
1274,2025.01.23 20:11:57.9,2025.01.23 20:12:07.9,15637157
1275,2025.01.23 20:11:57.9,2025.01.23 20:12:07.9,15591774
1276,2025.01.23 20:42:03.8,2025.01.23 20:42:04.8,1558944
1277,2025.01.23 20:42:09.4,2025.01.23 20:42:10.4,1559418
1278,2025.01.23 20:42:09.4,2025.01.23 20:42:10.4,1560648
1279,2025.01.23 20:53:30.8,2025.01.23 20:53:35.8,7799494
1280,2025.01.23 20:53:38.4,2025.01.23 20:53:43.4,7814819
1281,2025.01.23 20:53:38.4,2025.01.23 20:53:43.4,7794944
1282,2025.01.23 21:22:16.2,2025.01.23 21:22:21.2,7804670
1283,2025.01.23 21:22:23.8,2025.01.23 21:22:28.8,7813414
1284,2025.01.23 21:22:23.8,2025.01.23 21:22:28.8,7802193
1285,2025.01.23 21:46:25.0,2025.01.23 21:47:25.0,93524208
1286,2025.01.23 21:47:28.5,2025.01.23 21:48:28.5,93712342
1287,2025.01.23 21:47:28.5,2025.01.23 21:48:28.5,93643988
1288,2025.01.23 22:16:59.8,2025.01.23 22:17:04.8,7787940
1289,2025.01.23 22:17:07.7,2025.01.23 22:17:12.7,7811688
1290,2025.01.23 22:17:07.7,2025.01.23 22:17:12.7,7797527
1291,2025.01.23 22:39:48.8,2025.01.23 22:39:49.8,1557314
1292,2025.01.23 22:39:53.9,2025.01.23 22:39:54.9,1564786
1293,2025.01.23 22:39:53.9,2025.01.23 22:39:54.9,1559821
1294,2025.01.23 22:42:16.3,2025.01.23 22:42:21.3,7793981
1295,2025.01.23 22:42:23.4,2025.01.23 22:42:28.4,7813489
1296,2025.01.23 22:42:23.4,2025.01.23 22:42:28.4,7794938
1297,2025.01.23 22:59:25.5,2025.01.23 23:00:25.5,93622660
1298,2025.01.23 23:00:30.5,2025.01.23 23:01:30.5,93727439
1299,2025.01.23 23:00:30.5,2025.01.23 23:01:30.5,93596667
1300,2025.01.23 23:27:41.1,2025.01.23 23:27:51.1,15598418
1301,2025.01.23 23:27:53.2,2025.01.23 23:28:03.2,15620899
1302,2025.01.23 23:27:53.2,2025.01.23 23:28:03.2,15591626
1303,2025.01.23 23:50:35.3,2025.01.23 23:50:40.3,7806262
1304,2025.01.23 23:50:44.0,2025.01.23 23:50:49.0,7816868
1305,2025.01.23 23:50:44.0,2025.01.23 23:50:49.0,7791459
1306,2025.01.24 00:03:59.9,2025.01.24 00:04:09.9,15600081
1307,2025.01.24 00:04:11.2,2025.01.24 00:04:21.2,15638376
1308,2025.01.24 00:04:11.2,2025.01.24 00:04:21.2,15585805
1309,2025.01.24 00:29:58.2,2025.01.24 00:30:58.2,93532138
1310,2025.01.24 00:31:00.9,2025.01.24 00:32:00.9,93853591
1311,2025.01.24 00:31:00.9,2025.01.24 00:32:00.9,93577039
1312,2025.01.24 19:24:48.0,2025.01.24 19:24:58.0,12447742
1313,2025.01.24 19:24:59.6,2025.01.24 19:25:09.6,12471984
1314,2025.01.24 19:24:59.6,2025.01.24 19:25:09.6,12444798
1315,2025.01.24 19:27:40.7,2025.01.24 19:28:40.7,74719640
1316,2025.01.24 19:28:45.1,2025.01.24 19:29:45.1,74778968
1317,2025.01.24 19:28:45.1,2025.01.24 19:29:45.1,74656101
1318,2025.01.24 19:34:43.2,2025.01.24 19:34:53.2,12460706
1319,2025.01.24 19:34:57.3,2025.01.24 19:35:07.3,12480438
1320,2025.01.24 19:34:57.3,2025.01.24 19:35:07.3,12443845
1321,2025.01.24 19:42:31.2,2025.01.24 19:42:32.2,1245604
1322,2025.01.24 19:42:34.7,2025.01.24 19:42:35.7,1246045
1323,2025.01.24 19:42:34.7,2025.01.24 19:42:35.7,1245714
1324,2025.01.24 19:51:44.1,2025.01.24 19:52:44.1,74727169
1325,2025.01.24 19:52:48.8,2025.01.24 19:53:48.8,74798685
1326,2025.01.24 19:52:48.8,2025.01.24 19:53:48.8,74785298
1327,2025.01.24 20:00:35.1,2025.01.24 20:00:36.1,1244295
1328,2025.01.24 20:00:39.8,2025.01.24 20:00:40.8,1248739
1329,2025.01.24 20:00:39.8,2025.01.24 20:00:40.8,1242419
1330,2025.01.24 20:14:12.2,2025.01.24 20:14:13.2,1243843
1331,2025.01.24 20:14:17.3,2025.01.24 20:14:18.3,1246998
1332,2025.01.24 20:14:17.3,2025.01.24 20:14:18.3,1245585
1333,2025.01.24 20:18:39.7,2025.01.24 20:18:44.7,6221281
1334,2025.01.24 20:18:47.1,2025.01.24 20:18:52.1,6233610
1335,2025.01.24 20:18:47.1,2025.01.24 20:18:52.1,6225277
1336,2025.01.24 20:20:25.7,2025.01.24 20:20:26.7,1242678
1337,2025.01.24 20:20:30.3,2025.01.24 20:20:31.3,1247653
1338,2025.01.24 20:20:30.3,2025.01.24 20:20:31.3,1244695
1339,2025.01.24 20:25:13.3,2025.01.24 20:25:23.3,12470730
1340,2025.01.24 20:25:25.3,2025.01.24 20:25:35.3,12475239
1341,2025.01.24 20:25:25.3,2025.01.24 20:25:35.3,12460101
1342,2025.01.24 20:43:47.1,2025.01.24 20:43:48.1,1242861
1343,2025.01.24 20:43:51.7,2025.01.24 20:43:52.7,1248499
1344,2025.01.24 20:43:51.7,2025.01.24 20:43:52.7,1245976
1345,2025.01.24 20:51:21.7,2025.01.24 20:51:26.7,6221684
1346,2025.01.24 20:51:29.8,2025.01.24 20:51:34.8,6235945
1347,2025.01.24 20:51:29.8,2025.01.24 20:51:34.8,6236493
1348,2025.01.24 20:56:22.8,2025.01.24 20:56:23.8,1245604
1349,2025.01.24 20:56:27.9,2025.01.24 20:56:28.9,1248086
1350,2025.01.24 20:56:27.9,2025.01.24 20:56:28.9,1245338
1351,2025.01.24 20:58:18.0,2025.01.24 20:59:18.0,74681795
1352,2025.01.24 20:59:20.4,2025.01.24 21:00:20.4,75001971
1353,2025.01.24 20:59:20.4,2025.01.24 21:00:20.4,74664527
1354,2025.01.24 21:06:28.5,2025.01.24 21:06:38.5,12452417
1355,2025.01.24 21:06:42.5,2025.01.24 21:06:52.5,12493826
1356,2025.01.24 21:06:42.5,2025.01.24 21:06:52.5,12434497
1357,2025.01.24 21:36:38.3,2025.01.24 21:37:38.3,74629386
1358,2025.01.24 21:37:39.6,2025.01.24 21:38:39.6,74932486
1359,2025.01.24 21:37:39.6,2025.01.24 21:38:39.6,74737535
1360,2025.01.24 21:48:02.9,2025.01.24 21:48:03.9,1245214
1361,2025.01.24 21:48:06.1,2025.01.24 21:48:07.1,1248430
1362,2025.01.24 21:48:06.1,2025.01.24 21:48:07.1,1245568
1363,2025.01.24 22:14:11.2,2025.01.24 22:15:11.2,74736302
1364,2025.01.24 22:15:13.7,2025.01.24 22:16:13.7,74872986
1365,2025.01.24 22:15:13.7,2025.01.24 22:16:13.7,74746243
1366,2025.01.24 22:30:12.4,2025.01.24 22:30:13.4,1245520
1367,2025.01.24 22:30:15.5,2025.01.24 22:30:16.5,1248380
1368,2025.01.24 22:30:15.5,2025.01.24 22:30:16.5,1246252
1369,2025.01.24 22:33:54.3,2025.01.24 22:33:59.3,6226358
1370,2025.01.24 22:34:00.8,2025.01.24 22:34:05.8,6243144
1371,2025.01.24 22:34:00.8,2025.01.24 22:34:05.8,6237981
1372,2025.01.24 22:50:54.0,2025.01.24 22:50:59.0,6224282
1373,2025.01.24 22:51:03.7,2025.01.24 22:51:08.7,6237465
1374,2025.01.24 22:51:03.7,2025.01.24 22:51:08.7,6225636
1375,2025.01.24 23:10:22.6,2025.01.24 23:10:32.6,12465125
1376,2025.01.24 23:10:36.4,2025.01.24 23:10:46.4,12472530
1377,2025.01.24 23:10:36.4,2025.01.24 23:10:46.4,12459107
1378,2025.01.24 23:38:32.5,2025.01.24 23:38:33.5,1242414
1379,2025.01.24 23:38:35.3,2025.01.24 23:38:36.3,1249157
1380,2025.01.24 23:38:35.3,2025.01.24 23:38:36.3,1245420
1381,2025.01.24 23:58:32.9,2025.01.24 23:58:42.9,12450495
1382,2025.01.24 23:58:47.0,2025.01.24 23:58:57.0,12490626
1383,2025.01.24 23:58:47.0,2025.01.24 23:58:57.0,12449407
1384,2025.01.25 00:20:28.4,2025.01.25 00:20:33.4,6218477
1385,2025.01.25 00:20:36.0,2025.01.25 00:20:41.0,6244108
1386,2025.01.25 00:20:36.0,2025.01.25 00:20:41.0,6233236
1387,2025.01.25 19:25:59.7,2025.01.25 19:26:59.7,215792684
1388,2025.01.25 19:27:04.0,2025.01.25 19:28:04.0,215761352
1389,2025.01.25 19:27:04.0,2025.01.25 19:28:04.0,215680784
1390,2025.01.25 19:57:58.4,2025.01.25 19:58:08.4,35974108
1391,2025.01.25 19:58:12.8,2025.01.25 19:58:22.8,35961842
1392,2025.01.25 19:58:12.8,2025.01.25 19:58:22.8,35933366
1393,2025.01.25 20:16:48.1,2025.01.25 20:17:48.1,215930560
1394,2025.01.25 20:17:51.6,2025.01.25 20:18:51.6,215902759
1395,2025.01.25 20:17:51.6,2025.01.25 20:18:51.6,215855763
1396,2025.01.25 20:25:04.8,2025.01.25 20:25:14.8,35934584
1397,2025.01.25 20:25:19.5,2025.01.25 20:25:29.5,3599254923
1398,2025.01.25 20:25:19.5,2025.01.25 20:25:29.5,35983471
1399,2025.01.25 20:29:10.4,2025.01.25 20:30:10.4,215845595
1400,2025.01.25 20:30:13.1,2025.01.25 20:31:13.1,215683583
1401,2025.01.25 20:30:13.1,2025.01.25 20:31:13.1,215741084
1402,2025.01.25 20:54:38.5,2025.01.25 20:54:48.5,35914609
1403,2025.01.25 20:54:50.3,2025.01.25 20:55:00.3,35985018
1404,2025.01.25 20:54:50.3,2025.01.25 20:55:00.3,35976359
1405,2025.01.25 20:59:03.1,2025.01.25 20:59:04.1,3595059
1406,2025.01.25 20:59:07.9,2025.01.25 20:59:08.9,3598850
1407,2025.01.25 20:59:07.9,2025.01.25 20:59:08.9,3592812
1408,2025.01.25 21:20:03.7,2025.01.25 21:20:08.7,17938595
1409,2025.01.25 21:20:12.7,2025.01.25 21:20:17.7,17993186
1410,2025.01.25 21:20:12.7,2025.01.25 21:20:17.7,17984757
1411,2025.01.25 21:31:27.4,2025.01.25 21:31:37.4,35928200
1412,2025.01.25 21:31:41.9,2025.01.25 21:31:51.9,35984021
1413,2025.01.25 21:31:41.9,2025.01.25 21:31:51.9,35952169
1414,2025.01.25 21:38:39.7,2025.01.25 21:38:40.7,3596080
1415,2025.01.25 21:38:43.6,2025.01.25 21:38:44.6,3595007
1416,2025.01.25 21:38:43.6,2025.01.25 21:38:44.6,3590640
1417,2025.01.25 22:04:19.4,2025.01.25 22:05:19.4,215566230
1418,2025.01.25 22:05:21.0,2025.01.25 22:06:21.0,216367977
1419,2025.01.25 22:05:21.0,2025.01.25 22:06:21.0,215736730
1420,2025.01.25 22:35:25.6,2025.01.25 22:35:30.6,17974824
1421,2025.01.25 22:35:32.6,2025.01.25 22:35:37.6,17990661
1422,2025.01.25 22:35:32.6,2025.01.25 22:35:37.6,17963039
1423,2025.01.25 22:54:37.8,2025.01.25 22:54:42.8,17959592
1424,2025.01.25 22:54:45.9,2025.01.25 22:54:50.9,17996841
1425,2025.01.25 22:54:45.9,2025.01.25 22:54:50.9,17983436
1426,2025.01.25 23:08:15.9,2025.01.25 23:08:16.9,3593601
1427,2025.01.25 23:08:21.4,2025.01.25 23:08:22.4,3599784
1428,2025.01.25 23:08:21.4,2025.01.25 23:08:22.4,3596354
1429,2025.01.25 23:14:06.9,2025.01.25 23:14:16.9,35960618
1430,2025.01.25 23:14:19.1,2025.01.25 23:14:29.1,35948452
1431,2025.01.25 23:14:19.1,2025.01.25 23:14:29.1,35906324
1432,2025.01.25 23:19:34.8,2025.01.25 23:19:44.8,35984746
1433,2025.01.25 23:19:49.4,2025.01.25 23:19:59.4,35975587
1434,2025.01.25 23:19:49.4,2025.01.25 23:19:59.4,35978195
1435,2025.01.25 23:24:41.6,2025.01.25 23:24:46.6,17987238
1436,2025.01.25 23:24:49.6,2025.01.25 23:24:54.6,18013930
1437,2025.01.25 23:24:49.6,2025.01.25 23:24:54.6,17970166
1438,2025.01.25 23:50:31.9,2025.01.25 23:50:32.9,3593780
1439,2025.01.25 23:50:35.5,2025.01.25 23:50:36.5,3593816
1440,2025.01.25 23:91:35.5,2025.01.25 23:50:36.5,3594907
1441,2025.01.26 00:05:29.6,2025.01.26 00:06:29.6,215644073
1442,2025.01.26 00:06:32.2,2025.01.26 00:07:32.2,215673694
1443,2025.01.26 00:06:32.2,2025.01.26 00:07:32.2,215496063
1444,2025.01.26 19:16:44.6,2025.01.26 19:16:49.6,4095692
1445,2025.01.26 19:16:53.5,2025.01.26 19:16:58.5,4103193
1446,2025.01.26 19:16:53.5,2025.01.26 19:16:58.5,4090541
1447,2025.01.26 19:33:14.2,2025.01.26 19:33:19.2,4088327
1448,2025.01.26 19:33:23.0,2025.01.26 19:33:28.0,4098951
1449,2025.01.26 19:33:23.0,2025.01.26 19:33:28.0,4091061
1450,2025.01.26 19:41:34.8,2025.01.26 19:41:35.8,817445
1451,2025.01.26 19:41:37.9,2025.01.26 19:41:38.9,820421
1452,2025.01.26 19:41:37.9,2025.01.26 19:41:38.9,817956
1453,2025.01.26 19:53:48.5,2025.01.26 19:53:58.5,8190089
1454,2025.01.26 19:54:00.3,2025.01.26 19:54:10.3,8210863
1455,2025.01.26 19:54:00.3,2025.01.26 19:54:10.3,8179351
1456,2025.01.26 20:21:04.6,2025.01.26 20:21:14.6,8168714
1457,2025.01.26 20:21:17.5,2025.01.26 20:21:27.5,8221386
1458,2025.01.26 20:21:17.5,2025.01.26 20:21:27.5,8170380
1459,2025.01.26 20:48:15.7,2025.01.26 20:49:15.7,49076777
1460,2025.01.26 20:49:17.9,2025.01.26 20:50:17.9,49231773
1461,2025.01.26 20:49:17.9,2025.01.26 20:50:17.9,49067897
1462,2025.01.26 20:56:49.2,2025.01.26 20:56:54.2,4090429
1463,2025.01.26 20:56:57.9,2025.01.26 20:57:02.9,4104859
1464,2025.01.26 20:56:57.9,2025.01.26 20:57:02.9,4087521
1465,2025.01.26 21:02:49.9,2025.01.26 21:03:49.9,49100578
1466,2025.01.26 21:03:52.2,2025.01.26 21:04:52.2,49174034
1467,2025.01.26 21:03:52.2,2025.01.26 21:04:52.2,49026493
1468,2025.01.26 21:28:09.5,2025.01.26 21:28:14.5,4092368
1469,2025.01.26 21:28:16.6,2025.01.26 21:28:21.6,4106637
1470,2025.01.26 21:28:16.6,2025.01.26 21:28:21.6,4093572
1471,2025.01.26 21:45:52.6,2025.01.26 21:46:02.6,8183220
1472,2025.01.26 21:46:06.4,2025.01.26 21:46:16.4,8206040
1473,2025.01.26 21:46:06.4,2025.01.26 21:46:16.4,8167646
1474,2025.01.26 22:12:11.1,2025.01.26 22:12:16.1,4092391
1475,2025.01.26 22:12:18.5,2025.01.26 22:12:23.5,4102301
1476,2025.01.26 22:12:18.5,2025.01.26 22:12:23.5,4092849
1477,2025.01.26 22:17:52.6,2025.01.26 22:17:53.6,818759
1478,2025.01.26 22:17:57.0,2025.01.26 22:17:58.0,820384
1479,2025.01.26 22:17:57.0,2025.01.26 22:17:58.0,818063
1480,2025.01.26 22:43:18.9,2025.01.26 22:43:23.9,4093924
1481,2025.01.26 22:43:26.0,2025.01.26 22:43:31.0,4099590
1482,2025.01.26 22:43:26.0,2025.01.26 22:43:31.0,4090928
1483,2025.01.26 23:05:13.9,2025.01.26 23:05:18.9,4092814
1484,2025.01.26 23:05:21.5,2025.01.26 23:05:26.5,4105269
1485,2025.01.26 23:05:21.5,2025.01.26 23:05:26.5,4096161
1486,2025.01.26 23:12:14.4,2025.01.26 23:12:19.4,4088178
1487,2025.01.26 23:12:24.2,2025.01.26 23:12:29.2,4106839
1488,2025.01.26 23:12:24.2,2025.01.26 23:12:29.2,4087041
1489,2025.01.26 23:22:30.0,2025.01.26 23:23:30.0,49087657
1490,2025.01.26 23:23:31.5,2025.01.26 23:24:31.5,49270061
1491,2025.01.26 23:23:31.5,2025.01.26 23:24:31.5,49100871
1492,2025.01.26 23:37:37.4,2025.01.26 23:38:37.4,49029841
1493,2025.01.26 23:38:41.8,2025.01.26 23:39:41.8,49260043
1494,2025.01.26 23:38:41.8,2025.01.26 23:39:41.8,49038846
1495,2025.01.27 00:00:24.6,2025.01.27 00:00:25.6,818273
1496,2025.01.27 00:00:28.0,2025.01.27 00:00:29.0,821385
1497,2025.01.27 00:00:28.0,2025.01.27 00:00:29.0,817591
1498,2025.01.27 00:16:38.8,2025.01.27 00:17:38.8,49049359
1499,2025.01.27 00:17:42.9,2025.01.27 00:18:42.9,49319248
1500,2025.01.27 00:17:42.9,2025.01.27 00:18:42.9,49114542
1501,2025.01.27 19:05:58.0,2025.01.27 19:06:03.0,6611872
1502,2025.01.27 19:06:07.6,2025.01.27 19:06:12.6,6622359
1503,2025.01.27 19:06:07.6,2025.01.27 19:06:12.6,6632460
1504,2025.01.27 19:24:44.1,2025.01.27 19:24:45.1,1320902
1505,2025.01.27 19:24:49.3,2025.01.27 19:24:50.3,1326829
1506,2025.01.27 19:24:49.3,2025.01.27 19:24:50.3,1324682
1507,2025.01.27 19:46:44.5,2025.01.27 19:46:49.5,6614546
1508,2025.01.27 19:46:51.3,2025.01.27 19:46:56.3,6638782
1509,2025.01.27 19:46:51.3,2025.01.27 19:46:56.3,6602225
1510,2025.01.27 20:13:22.3,2025.01.27 20:13:23.3,1323475
1511,2025.01.27 20:13:27.4,2025.01.27 20:13:28.4,1326103
1512,2025.01.27 20:13:27.4,2025.01.27 20:13:28.4,1323943
1513,2025.01.27 20:27:19.2,2025.01.27 20:27:29.2,13221396
1514,2025.01.27 20:27:32.8,2025.01.27 20:27:42.8,13276751
1515,2025.01.27 20:27:32.8,2025.01.27 20:27:42.8,13254541
1516,2025.01.27 20:56:05.0,2025.01.27 20:56:15.0,13224569
1517,2025.01.27 20:56:17.4,2025.01.27 20:56:27.4,13272045
1518,2025.01.27 20:56:17.4,2025.01.27 20:56:27.4,13217016
1519,2025.01.27 21:08:52.6,2025.01.27 21:09:52.6,79392516
1520,2025.01.27 21:09:57.5,2025.01.27 21:10:57.5,79568347
1521,2025.01.27 21:09:57.5,2025.01.27 21:10:57.5,79330698
1522,2025.01.27 21:23:46.7,2025.01.27 21:23:56.7,13230774
1523,2025.01.27 21:23:58.9,2025.01.27 21:24:08.9,13255234
1524,2025.01.27 21:23:58.9,2025.01.27 21:24:08.9,13240741
1525,2025.01.27 21:25:10.6,2025.01.27 21:25:11.6,1324991
1526,2025.01.27 21:25:12.8,2025.01.27 21:25:13.8,1326207
1527,2025.01.27 21:25:12.8,2025.01.27 21:25:13.8,1323434
1528,2025.01.27 21:28:24.0,2025.01.27 21:28:25.0,1321492
1529,2025.01.27 21:28:28.6,2025.01.27 21:28:29.6,1326241
1530,2025.01.27 21:28:28.6,2025.01.27 21:28:29.6,1323027
1531,2025.01.27 21:33:20.2,2025.01.27 21:33:30.2,13248534
1532,2025.01.27 21:33:31.7,2025.01.27 21:33:41.7,13261563
1533,2025.01.27 21:33:31.7,2025.01.27 21:33:41.7,13260901
1534,2025.01.27 21:48:23.5,2025.01.27 21:48:33.5,13236669
1535,2025.01.27 21:48:37.3,2025.01.27 21:48:47.3,13239541
1536,2025.01.27 21:48:37.3,2025.01.27 21:48:47.3,13212291
1537,2025.01.27 22:01:39.2,2025.01.27 22:02:39.2,79415301
1538,2025.01.27 22:02:42.7,2025.01.27 22:03:42.7,79537973
1539,2025.01.27 22:02:42.7,2025.01.27 22:03:42.7,79347609
1540,2025.01.27 22:05:46.1,2025.01.27 22:06:46.1,79329355
1541,2025.01.27 22:06:49.1,2025.01.27 22:07:49.1,79622066
1542,2025.01.27 22:06:49.1,2025.01.27 22:07:49.1,79365188
1543,2025.01.27 22:25:31.9,2025.01.27 22:25:41.9,13221374
1544,2025.01.27 22:25:43.9,2025.01.27 22:25:53.9,13276979
1545,2025.01.27 22:25:43.9,2025.01.27 22:25:53.9,13227353
1546,2025.01.27 22:43:02.6,2025.01.27 22:43:03.6,1324402
1547,2025.01.27 22:43:06.8,2025.01.27 22:43:07.8,1325471
1548,2025.01.27 22:43:06.8,2025.01.27 22:43:07.8,132225881
1549,2025.01.27 22:43:26.7,2025.01.27 22:43:27.7,1323742
1550,2025.01.27 22:43:31.8,2025.01.27 22:43:32.8,1325693
1551,2025.01.27 22:43:31.8,2025.01.27 22:43:32.8,1323849
1552,2025.01.27 22:44:37.2,2025.01.27 22:44:47.2,13215312
1553,2025.01.27 22:44:50.9,2025.01.27 22:45:00.9,13264717
1554,2025.01.27 22:44:50.9,2025.01.27 22:45:00.9,13234327
1555,2025.01.27 23:13:49.3,2025.01.27 23:13:50.3,1322416
1556,2025.01.27 23:13:54.9,2025.01.27 23:13:55.9,1325074
1557,2025.01.27 23:13:54.9,2025.01.27 23:13:55.9,1323161
1558,2025.01.27 23:27:07.1,2025.01.27 23:27:12.1,6617049
1559,2025.01.27 23:27:14.1,2025.01.27 23:27:19.1,6636921
1560,2025.01.27 23:27:14.1,2025.01.27 23:27:19.1,6610105
1561,2025.01.27 23:43:32.1,2025.01.27 23:44:32.1,79467603
1562,2025.01.27 23:44:36.6,2025.01.27 23:45:36.6,79427794
1563,2025.01.27 23:44:36.6,2025.01.27 23:45:36.6,79390734
1564,2025.01.28 00:16:15.3,2025.01.28 00:16:25.3,13246357
1565,2025.01.28 00:16:29.7,2025.01.28 00:16:39.7,13238438
1566,2025.01.28 00:16:29.7,2025.01.28 00:16:39.7,13235786
1567,2025.01.28 19:44:01.7,2025.01.28 19:44:02.7,1957392
1568,2025.01.28 19:44:05.5,2025.01.28 19:44:06.5,1960600
1569,2025.01.28 19:44:05.5,2025.01.28 19:44:06.5,1957800
1570,2025.01.28 20:10:45.0,2025.01.28 20:10:55.0,19563817
1571,2025.01.28 20:10:57.1,2025.01.28 20:11:07.1,19609094
1572,2025.01.28 20:10:57.1,2025.01.28 20:11:07.1,19569297
1573,2025.01.28 20:38:43.6,2025.01.28 20:39:43.6,117229893
1574,2025.01.28 20:39:45.4,2025.01.28 20:40:45.4,117541919
1575,2025.01.28 20:39:45.4,2025.01.28 20:40:45.4,117351375
1576,2025.01.28 21:08:35.5,2025.01.28 21:09:35.5,117448634
1577,2025.01.28 21:09:39.8,2025.01.28 21:10:39.8,117610185
1578,2025.01.28 21:09:39.8,2025.01.28 21:10:39.8,11735897375
1579,2025.01.28 21:40:03.3,2025.01.28 21:41:03.3,117437326
1580,2025.01.28 21:41:06.8,2025.01.28 21:42:06.8,117593654
1581,2025.01.28 21:41:06.8,2025.01.28 21:42:06.8,117490158
1582,2025.01.28 21:52:15.1,2025.01.28 21:52:16.1,1954588
1583,2025.01.28 21:52:18.3,2025.01.28 21:52:19.3,1955912
1584,2025.01.28 21:52:18.3,2025.01.28 21:52:19.3,1954058
1585,2025.01.28 22:15:40.1,2025.01.28 22:15:45.1,9775983
1586,2025.01.28 22:15:47.9,2025.01.28 22:15:52.9,9783281
1587,2025.01.28 22:15:47.9,2025.01.28 22:15:52.9,9790023
1588,2025.01.28 22:29:02.6,2025.01.28 22:29:03.6,1954086
1589,2025.01.28 22:29:06.3,2025.01.28 22:29:07.3,1959740
1590,2025.01.28 22:29:06.3,2025.01.28 22:29:07.3,1955170
1591,2025.01.28 22:58:34.4,2025.01.28 22:58:39.4,9785284
1592,2025.01.28 22:58:40.9,2025.01.28 22:58:45.9,9803233
1593,2025.01.28 22:58:40.9,2025.01.28 22:58:45.9,9770659
1594,2025.01.28 23:18:52.9,2025.01.28 23:19:02.9,19561192
1595,2025.01.28 23:19:07.8,2025.01.28 23:19:17.8,19592900
1596,2025.01.28 23:19:07.8,2025.01.28 23:19:17.8,19567533
1597,2025.01.28 23:30:45.3,2025.01.28 23:30:50.3,9768848
1598,2025.01.28 23:30:53.7,2025.01.28 23:30:58.7,9807347
1599,2025.01.28 23:30:53.7,2025.01.28 23:30:58.7,9780740
1600,2025.01.28 23:46:12.8,2025.01.28 23:47:12.8,117344271
1601,2025.01.28 23:47:13.8,2025.01.28 23:48:13.8,117572686
1602,2025.01.28 23:47:13.8,2025.01.28 23:48:13.8,117438343
1603,2025.01.29 00:06:27.8,2025.01.29 00:06:28.8,1957129
1604,2025.01.29 00:06:30.2,2025.01.29 00:06:31.2,1957592
1605,2025.01.29 00:06:30.2,2025.01.29 00:06:31.2,1955979
1606,2025.01.29 00:07:44.8,2025.01.29 00:07:54.8,19561971
1607,2025.01.29 00:07:56.0,2025.01.29 00:08:06.0,19605817
1608,2025.01.29 00:07:56.0,2025.01.29 00:08:06.0,19568468
1609,2025.01.29 00:17:27.7,2025.01.29 00:17:32.7,9778719
1610,2025.01.29 00:17:35.0,2025.01.29 00:17:40.0,9802691
1611,2025.01.29 00:17:35.0,2025.01.29 00:17:40.0,9768251
1612,2025.01.29 00:38:10.4,2025.01.29 00:39:10.4,117470514
1613,2025.01.29 00:39:13.8,2025.01.29 00:40:13.8,117500219
1614,2025.01.29 00:39:13.8,2025.01.29 00:40:13.8,117383644
1615,2025.01.29 00:55:09.8,2025.01.29 00:55:14.8,9786775
1616,2025.01.29 00:55:19.3,2025.01.29 00:55:24.3,9782312
1617,2025.01.29 00:55:19.3,2025.01.29 00:55:24.3,9777093
1618,2025.01.29 20:06:08.2,2025.01.29 20:07:08.2,53538423
1619,2025.01.29 20:64:12.1,2025.01.29 20:08:12.1,53604714
1620,2025.01.29 20:07:12.1,2025.01.29 20:08:12.1,53557033
1621,2025.01.29 20:34:43.8,2025.01.29 20:34:44.8,892142
1622,2025.01.29 20:34:49.3,2025.01.29 20:34:50.3,893981
1623,2025.01.29 20:34:49.3,2025.01.29 20:34:50.3,891742
1624,2025.01.29 20:41:32.3,2025.01.29 20:41:42.3,8923370
1625,2025.01.29 20:41:47.1,2025.01.29 20:41:57.1,8961588
1626,2025.01.29 20:41:47.1,2025.01.29 20:41:57.1,8917912
1627,2025.01.29 21:02:44.1,2025.01.29 21:02:54.1,8910589
1628,2025.01.29 21:02:57.5,2025.01.29 21:03:07.5,8933757
1629,2025.01.29 21:02:57.5,2025.01.29 21:03:07.5,8926945
1630,2025.01.29 21:18:00.3,2025.01.29 21:19:00.3,53550827
1631,2025.01.29 21:19:04.8,2025.01.29 21:20:04.8,53605527
1632,2025.01.29 21:19:04.8,2025.01.29 21:20:04.8,53510826
1633,2025.01.29 21:39:34.1,2025.01.29 21:39:35.1,891763
1634,2025.01.29 21:39:36.3,2025.01.29 21:39:37.3,895017
1635,2025.01.29 21:39:36.3,2025.01.29 21:39:37.3,890687
1636,2025.01.29 21:58:11.9,2025.01.29 21:58:16.9,4458598
1637,2025.01.29 21:58:20.9,2025.01.29 21:58:25.9,4469814
1638,2025.01.29 21:58:20.9,2025.01.29 21:58:25.9,4456610
1639,2025.01.29 22:22:35.8,2025.01.29 22:22:40.8,4456876
1640,2025.01.29 22:22:45.6,2025.01.29 22:22:50.6,4474241
1641,2025.01.29 22:22:45.6,2025.01.29 22:22:50.6,4459387
1642,2025.01.29 22:50:50.4,2025.01.29 22:51:00.4,8934984
1643,2025.01.29 22:51:02.5,2025.01.29 22:51:12.5,8933368
1644,2025.01.29 22:51:02.5,2025.01.29 22:51:12.5,8914228
1645,2025.01.29 22:53:36.4,2025.01.29 22:53:46.4,8919460
1646,2025.01.29 22:53:51.1,2025.01.29 22:54:01.1,8949201
1647,2025.01.29 22:53:51.1,2025.01.29 22:54:01.1,8916502
1648,2025.01.29 22:55:41.8,2025.01.29 22:56:41.8,53452457
1649,2025.01.29 22:56:44.0,2025.01.29 22:57:44.0,53607626
1650,2025.01.29 22:56:44.0,2025.01.29 22:57:44.0,53496231
1651,2025.01.29 23:27:55.1,2025.01.29 23:28:55.1,53497011
1652,2025.01.29 23:28:57.8,2025.01.29 23:29:57.8,53676525
1653,2025.01.29 23:28:57.8,2025.01.29 23:29:57.8,53494790
1654,2025.01.29 23:51:58.5,2025.01.29 23:52:03.5,4459188
1655,2025.01.29 23:52:06.8,2025.01.29 23:52:11.8,4475314
1656,2025.01.29 23:52:94.8,2025.01.29 23:52:11.8,4461679
1657,2025.01.29 23:56:30.6,2025.01.29 23:56:35.6,4458800
1658,2025.01.29 23:56:38.0,2025.01.29 23:56:43.0,4470528
1659,2025.01.29 23:56:38.0,2025.01.29 23:56:43.0,4454297
1660,2025.01.30 00:21:43.5,2025.01.30 00:21:48.5,4455663
1661,2025.01.30 00:21:49.7,2025.01.30 00:21:54.7,4468012
1662,2025.01.30 00:21:49.7,2025.01.30 00:21:54.7,4456157
1663,2025.01.30 00:45:33.9,2025.01.30 00:45:43.9,8916255
1664,2025.01.30 00:45:46.4,2025.01.30 00:45:56.4,8935085
1665,2025.01.30 00:45:46.4,2025.01.30 00:45:56.4,8919965
1666,2025.01.30 00:50:13.6,2025.01.30 00:50:23.6,8916722
1667,2025.01.30 00:50:27.5,2025.01.30 00:50:37.5,8950899
1668,2025.01.30 00:50:27.5,2025.01.30 00:50:37.5,8913820
1669,2025.01.30 01:15:10.7,2025.01.30 01:15:15.7,4449603
1670,2025.01.30 01:15:18.3,2025.01.30 01:15:23.3,4469585
1671,2025.01.30 01:15:18.3,2025.01.30 01:15:23.3,4461643
1672,2025.01.30 19:26:55.0,2025.01.30 19:27:55.0,62326472
1673,2025.01.30 19:27:59.8,2025.01.30 19:28:59.8,62416838
1674,2025.01.30 19:27:59.8,2025.01.30 19:28:59.8,62309401
1675,2025.01.30 19:31:32.4,2025.01.30 19:31:33.4,1038842
1676,2025.01.30 19:31:36.8,2025.01.30 19:31:37.8,1042508
1677,2025.01.30 19:31:36.8,2025.01.30 19:31:37.8,1038931
1678,2025.01.30 19:46:01.6,2025.01.30 19:46:06.6,5194322
1679,2025.01.30 19:46:09.2,2025.01.30 19:46:14.2,5205787
1680,2025.01.30 19:46:09.2,2025.01.30 19:46:14.2,5194563
1681,2025.01.30 19:50:41.0,2025.01.30 19:50:46.0,5196246
1682,2025.01.30 19:50:50.1,2025.01.30 19:50:55.1,5210806
1683,2025.01.30 19:50:50.1,2025.01.30 19:50:55.1,5197079
1684,2025.01.30 20:00:02.4,2025.01.30 20:01:02.4,62281216
1685,2025.01.30 20:01:04.7,2025.01.30 20:02:04.7,62527538
1686,2025.01.30 20:01:04.7,2025.01.30 20:02:04.7,62366811
1687,2025.01.30 20:17:19.6,2025.01.30 20:17:29.6,10377086
1688,2025.01.30 20:17:32.9,2025.01.30 20:17:42.9,10397252
1689,2025.01.30 20:17:32.9,2025.01.30 20:17:42.9,10396221
1690,2025.01.30 20:33:16.9,2025.01.30 20:33:17.9,1037858
1691,2025.01.30 20:33:20.0,2025.01.30 20:33:21.0,1041048
1692,2025.01.30 20:33:20.0,2025.01.30 20:33:21.0,1040115
1693,2025.01.30 20:49:17.6,2025.01.30 20:49:22.6,5183484
1694,2025.01.30 20:49:24.7,2025.01.30 20:49:29.7,5200952
1695,2025.01.30 20:49:24.7,2025.01.30 20:49:29.7,5192174
1696,2025.01.30 21:00:56.2,2025.01.30 21:00:57.2,1039653
1697,2025.01.30 21:01:01.8,2025.01.30 21:01:02.8,1042258
1698,2025.01.30 21:01:01.8,2025.01.30 21:01:02.8,1038900
1699,2025.01.30 21:01:28.3,2025.01.30 21:01:29.3,1039527
1700,2025.01.30 21:01:33.4,2025.01.30 21:01:34.4,1038741
1701,2025.01.30 21:01:33.4,2025.01.30 21:01:34.4,1038422
1702,2025.01.30 21:30:17.9,2025.01.30 21:30:27.9,10399412
1703,2025.01.30 21:30:29.0,2025.01.30 21:30:39.0,10406587
1704,2025.01.30 21:30:29.0,2025.01.30 21:30:39.0,10390539
1705,2025.01.30 21:59:28.6,2025.01.30 21:59:38.6,10402575
1706,2025.01.30 21:59:42.3,2025.01.30 21:59:52.3,10408049
1707,2025.01.30 21:59:42.3,2025.01.30 21:59:52.3,10387892
1708,2025.01.30 22:20:30.8,2025.01.30 22:20:40.8,10387984
1709,2025.01.30 22:20:43.7,2025.01.30 22:20:53.7,10405875
1710,2025.01.30 22:20:43.7,2025.01.30 22:20:53.7,10395474
1711,2025.01.30 22:48:35.2,2025.01.30 22:48:45.2,10384124
1712,2025.01.30 22:48:48.5,2025.01.30 22:48:58.5,10430673
1713,2025.01.30 22:48:48.5,2025.01.30 22:48:58.5,10395353
1714,2025.01.30 23:06:29.7,2025.01.30 23:06:30.7,1039213
1715,2025.01.30 23:06:32.4,2025.01.30 23:06:33.4,1041609
1716,2025.01.30 23:06:32.4,2025.01.30 23:06:33.4,1038754
1717,2025.01.30 23:12:36.4,2025.01.30 23:12:37.4,1037572
1718,2025.01.30 23:12:41.5,2025.01.30 23:12:42.5,1041052
1719,2025.01.30 23:12:41.5,2025.01.30 23:12:42.5,1038035
1720,2025.01.30 23:37:34.1,2025.01.30 23:37:35.1,1038964
17212025.01.30 23:37:37.6,2025.01.30 23:37:38.6,1040431
1722,2025.01.30 23:37:37.6,2025.01.30 23:37:38.6,1038568
1723,2025.01.30 23:40:46.8,2025.01.30 23:40:51.8,5191134
1724,2025.01.30 23:40:55.7,2025.01.30 23:41:00.7,5209442
1725,2025.01.30 23:40:55.7,2025.01.30 23:41:00.7,5209560
1726,2025.01.30 23:48:18.8,2025.01.30 23:48:19.8,1038828
1727,2025.01.30 23:48:23.1,2025.01.30 23:48:24.1,1041982
1728,2025.01.30 23:48:23.1,2025.01.30 23:48:24.1,1039594
1729,2025.01.30 23:58:14.3,2025.01.30 23:59:14.3,62277829
1730,2025.01.30 23:59:18.0,2025.01.31 00:00:18.0,62532937
1731,2025.01.30 23:59:18.0,2025.01.31 00:00:18.0,62355984
1732,2025.01.31 00:20:46.7,2025.01.31 00:20:56.7,10395227
1733,2025.01.31 00:20:57.8,2025.01.31 00:21:07.8,10419646
1734,2025.01.31 00:20:57.8,2025.01.31 00:21:07.8,10377185
1735,2025.01.31 00:50:31.2,2025.01.31 00:50:36.2,5190047
1736,2025.01.31 00:50:37.8,2025.01.31 00:50:42.8,5204831
1737,2025.01.31 00:50:37.8,2025.01.31 00:50:42.8,5191391
