id,a,gamma,b,alpha,c,beta
1,48.1496,77.9259,51.4674,59.7472,57.4852,65.1131
2,141.631,109.4298,87.5115,51.0583,17.7372,63.1864
3,48.5092,,,139.7318,,12.2064
4,25.6475,104.2515,32.5006,36.1503,45.3288,47.079
5,11.1058,116.1603,44.6817,12.9747,50.3577,55.0463
6,53.2479,86.5274,59.7521,58.3778,69.9195,66.6465
7,26.7506,33.8724,28.9231,67.3328,15.7753,82.5203
8,39.6741,78.9671,31.1415,64.904,43.7839,47.1875
9,27.4585,117.8553,159.1794,37.1312,141.1654,30.7722
10,29.0671,,78.8381,15.8004,,146.6431
11,34.7003,29.5888,,110.4517,,
12,39.4883,20.8062,44.6472,62.1349,14.8038,102.3276
13,12.3805,,,14.2771,60.2337,
14,43.3416,,54.3959,,62.4369,
15,68.9994,80.2242,46.3486,,,
16,16.8671,56.5677,23.4201,46.0189,19.6645,80.3027
17,70.7854,,48.2223,77.1116,75.381,
18,19.3694,32.1494,19.9144,72.0047,10.6939,77.6275
19,77.7523,,,69.3068,,48.6025
20,71.7016,45.5722,61.8158,,,67.9698
21,,,16.6887,93.938,11.236,
22,63.0228,102.5536,20.1448,68.7613,68.9504,21.1123
23,20.1305,53.1969,71.1895,18.5273,60.1385,119.0769
24,13.5963,92.196,45.6114,,,75.0211
25,63.8304,71.7411,64.4757,72.0067,63.6542,72.9982
26,72.5433,,63.1084,95.3789,,68.5608
27,40.2644,45.1231,57.6611,48.812,37.4875,100.334
28,34.8176,,50.6507,42.5182,57.6011,
29,,,58.2966,57.9964,68.1389,
30,123.7021,114.4656,34.1845,60.4785,42.8311,22.5565
31,13.4275,96.3871,68.6802,14.1481,70.7573,78.6859
32,35.617,,36.9563,39.5649,,
33,64.7493,107.2227,14.8792,66.9072,69.9091,15.1389
34,69.8054,37.7781,24.2816,132.8972,51.7047,18.7224
35,56.799,28.9173,54.1412,99.1445,165.3894,64.3266
36,72.9683,,66.4604,79.9429,68.9435,
37,20.113,,19.4056,,29.8316,41.254
38,76.4605,60.2474,56.3301,94.9188,57.905,58.5267
39,52.113,118.5481,32.0878,47.0313,71.341,29.5062
40,63.9302,55.7583,27.7984,108.0616,51.357,29.5775
41,3.1385,67.5383,37.2593,80.2703,43.5645,43.3168
42,28.334,26.0818,60.3347,20.6441,36.2887,139.7984
43,48.7809,89.1346,,53.0764,,
44,39.8428,55.7957,63.3307,45.2936,48.2053,97.5637
45,44.5764,36.7102,37.368,92.0269,24.8227,59.7924
46,,34.9893,62.851,,,106.5077
47,13.8693,78.4888,11.4219,58.2469,16.0355,44.6267
48,54.5246,,51.8768,86.5939,,74.645
49,14.2444,35.3368,34.6062,20.2744,24.2491,126.8889
50,,74.6333,45.5329,36.4312,44.4768,
51,,79.4998,11.2399,69.0657,,33.3193
52,74.5941,33.9907,69.0618,93.984,32.7024,75.1133
53,24.8757,96.5352,,,40.2758,49.9221
54,,,46.7751,46.3437,53.472,64.547
55,50.0994,90.227,61.1098,53.7211,72.1065,66.9324
56,25.7486,67.0983,41.6876,60.443,160.2799,56.9376
57,40.3967,28.3432,51.8895,51.2205,23.2458,108.8337
58,25.1061,75.3145,69.2744,26.9044,,
59,26.0023,,33.3206,,39.9849,58.5573
60,15.4011,81.3794,38.0596,25.0037,38.4052,78.8604
61,45.1729,84.5062,53.1453,53.4494,61.4997,65.0011
62,14.5742,59.0113,45.1311,19.943,39.2306,106.1235
63,35.861,111.499,37.3172,39.4642,59.0438,41.1274
64,60.1275,66.9796,59.5049,72.1442,56.9789,71.0558
65,76.0524,35.1546,49.6323,120.586,40.4756,42.518
66,55.5003,52.2161,38.7088,93.4975,40.7339,49.2358
67,,69.0435,,68.9629,,57.2657
68,67.5926,101.8521,51.1268,65.3114,84.7555,49.9197
69,67.0534,,29.1711,121.9076,48.2047,
70,75.5494,20.0622,43.2024,145.9852,36.4286,23.2953
71,17.4141,106.4333,77.4964,16.8149,82.8816,70.6782
72,33.5866,33.4882,20.5468,114.5832,19.6127,35.2353
73,,82.0174,,,50.3646,19.7177
74,30.2326,,,,24.7075,24.9397
75,56.6173,51.2657,,82.0484,,66.0563
76,12.6503,40.7744,12.6922,69.8126,8.7652,70.327
77,34.4811,70.2597,,91.3592,32.2093,
78,23.5129,,31.1243,38.7414,,
79,42.297,110.8301,70.2737,38.9893,88.6023,61.6487
80,,,,38.1329,51.4857,68.4851
81,61.6682,21.3517,39.7338,135.5845,27.2529,30.547
82,69.6943,59.4474,35.677,102.8929,55.9484,37.3141
83,31.3665,23.0158,13.0968,143.3103,19.9144,15.0762
84,76.0349,94.3819,42.3642,77.337,82.6256,42.6466
85,39.6042,99.2533,71.8299,39.4723,81.7862,71.3502
86,36.6649,43.8659,39.7301,66.3034,26.8656,78.565
87,56.8352,37.181,14.0405,135.4724,46.1707,11.7263
88,167.6552,47.9504,149.0674,59.4859,47.8731,87.349
89,63.5012,23.829,65.5493,79.4536,21.5787,90.1736
90,59.7462,77.3526,,,70.5288,80.3845
91,18.3714,,,31.9723,13.339,126.9728
92,36.0249,78.5619,52.7853,45.1453,54.4069,73.7183
93,20.9747,,,97.3117,11.5305,
94,41.9883,27.2489,37.6096,93.277,17.8664,65.6107
95,19.5281,25.4796,66.7799,10.8939,49.5413,148.6952
96,74.2805,24.4742,38.4404,142.3969,40.8099,23.2094
97,45.1883,99.7575,65.4134,45.3405,79.4027,65.7454
98,34.1095,51.6666,75.9306,31.4731,57.4078,115.4316
99,78.1307,44.4369,,129.2691,62.2522,
100,42.7072,66.7345,15.7935,,,23.5511
101,33.4781,66.8062,16.8248,86.2228,30.54,31.5728
102,14.1407,96.1576,60.9322,15.7665,63.3706,76.4391
103,53.1651,,67.2963,,68.6889,
104,31.1874,57.0625,75.707,29.7796,61.05,111.6548
105,33.5725,110.9373,23.626,45.0845,46.8308,30.8779
106,35.1952,35.4426,56.925,37.9529,32.9185,116.6007
107,17.5942,93.6294,71.2495,18.3634,73.2443,80.7266
108,67.3129,111.7438,50.2589,58.9917,90.9302,45.5879
109,38.209,50.8878,36.0009,73.0581,30.1125,65.3769
110,30.7977,,,31.2834,,85.9619
111,65.6338,63.8588,19.2223,106.5583,58.5535,20.2697
112,40.1809,69.6859,76.3328,41.2707,66.536,96.5902
113,30.3416,85.4462,53.4838,36.9385,56.9221,72.9617
114,23.3231,68.3245,66.8535,25.0592,60.3023,100.3618
115,47.5096,102.2611,55.7462,48.1035,75.4777,56.5489
116,,30.0824,66.2107,,30.6424,
117,11.3395,39.1796,20.3973,31.9899,13.5605,110.1058
118,68.8907,,51.0673,106.0542,38.2676,
119,71.1013,84.5472,15.9699,89.837,70.3587,16.9063
120,73.694,66.6517,10.5571,110.1018,69.7752,10.327
121,23.1648,49.7236,46.944,31.0674,35.5616,106.5562
122,36.0476,76.6544,56.2686,43.8039,55.81,78.0296
123,65.5905,,48.6472,,87.2217,
124,38.4451,78.7275,56.4177,46.1752,57.6919,75.1666
125,73.9213,,29.7339,136.6001,50.3285,
126,41.8084,103.84,,,54.3346,34.1625
127,171.1935,48.2212,126.6608,48.0669,61.5183,102.8267
128,13.6364,79.7507,18.9807,40.0073,21.1536,62.4876
129,62.5669,37.2013,10.9074,138.5212,54.115,8.1178
130,39.6988,,17.7626,,49.0968,
131,77.8657,,38.8765,,,35.055
132,12.0599,105.6126,64.112,12.5445,67.8898,69.2654
133,39.6706,47.2552,33.9098,81.528,28.2932,59.8124
134,37.689,,53.7266,44.4924,27.7435,
135,131.3194,104.1289,32.522,57.2031,110.4501,24.598
136,36.083,22.8423,37.095,76.5915,13.5938,84.9806
137,46.9164,34.2228,45.1774,81.8543,24.5161,74.0205
138,14.8587,70.0297,47.5222,20.2379,44.1665,95.7907
139,18.8924,87.1471,45.9363,25.8107,47.9659,75.0712
140,60.4723,94.6789,,,,44.056
141,28.8743,63.5398,20.4326,76.4636,26.4014,44.6574
142,11.1246,36.3642,12.3261,63.2446,7.3607,81.0997
143,18.0425,94.3491,28.2619,33.2577,34.2733,56.9717
144,48.4708,26.0275,33.7095,120.258,22.3527,39.8177
145,48.1641,82.4125,70.5535,51.0871,71.6496,79.9887
146,30.7266,108.9639,49.7257,32.3398,64.595,53.0149
147,79.4401,60.667,,93.4424,,65.2452
148,15.4857,63.5357,,50.4915,18.0472,
149,58.8573,119.0802,63.2288,49.0483,97.9581,51.9852
150,57.0624,,23.5349,53.4283,,22.4643
151,21.8741,56.3864,72.4673,20.662,61.5605,115.4331
152,42.8214,36.6625,34.5034,94.7679,24.0333,56.1487
153,18.3479,116.7302,28.5773,25.9247,40.0217,41.6321
154,42.7241,33.5967,29.6595,108.7668,23.3599,43.676
155,25.2032,103.1655,40.8821,31.9237,51.6397,54.3661
156,53.3493,,,49.3418,86.9005,56.0897
157,26.8337,,,,43.4347,39.7422
158,,113.5069,19.3588,63.998,,17.7392
159,38.5671,73.0372,62.7351,44.2706,58.677,84.4359
160,43.9061,62.8176,73.0673,45.9398,59.1427,97.5565
161,76.2734,36.8701,69.5553,94.817,35.7982,73.9771
162,70.4225,118.4361,21.9479,,81.7723,
163,,114.1908,69.2806,52.366,,59.6162
164,18.6893,72.0651,64.778,20.5112,60.4671,98.4159
165,,27.8749,40.224,,,25.9665
166,53.5941,32.1026,14.549,140.0598,41.7776,11.5592
167,49.8467,74.1908,71.2776,53.5151,66.1596,85.048
168,,,,46.8911,11.397,111.1434
169,67.2629,64.1797,65.2769,77.5647,58.2286,74.1061
170,77.3291,106.4467,58.5312,70.5037,96.9552,55.4964
171,,56.8541,31.4994,82.7823,,
172,,74.9779,70.1866,81.298,,
173,47.4876,89.3739,73.3636,48.805,78.3939,77.9819
174,56.915,110.1394,29.2496,56.6134,70.4076,29.1391
175,58.7781,116.3308,39.5112,50.9198,80.8754,35.2768
176,54.1657,36.9597,51.7164,83.192,29.4001,74.0285
177,52.712,102.2682,69.6464,51.1228,87.0071,66.5496
178,63.7833,,56.5247,,26.3278,66.9736
179,,116.1601,,53.2042,78.7754,29.9868
180,40.5789,28.498,28.7629,113.6122,19.7995,42.6713
181,10.7745,82.3613,38.6279,,38.4679,
182,,,74.4736,,46.1038,130.4729
183,17.3613,,31.8963,24.1383,41.7615,
184,20.4484,94.0341,40.0183,29.2875,45.4303,64.2101
185,67.1973,31.3611,36.3128,130.1555,,
186,,50.4581,,44.9753,,97.2815
187,48.2007,25.7792,25.396,134.6759,27.1252,24.1476
188,55.1135,20.2277,61.0214,65.8039,18.1154,103.4024
189,51.4039,64.4746,,94.3994,,
190,36.3608,96.7756,64.0432,37.9579,73.167,68.8777
191,42.9383,76.2027,16.3487,85.6625,41.5639,24.3321
192,24.4553,90.4331,,,,64.4795
193,11.9892,24.2856,49.341,7.8624,38.6496,150.0293
194,41.2303,100.6815,42.6157,47.2305,61.9175,48.9493
195,19.1189,37.5917,11.8393,106.7558,12.0439,36.8565
196,28.4658,,,27.0367,80.3361,62.6983
197,60.8038,24.9591,31.9787,138.2685,33.6002,23.8179
198,43.4583,110.3787,76.7875,40.2587,93.8571,66.1588
199,62.7713,69.9677,79.4333,64.7538,67.4598,89.4426
200,71.1665,,51.9934,91.2994,,
201,16.0101,80.038,44.8174,22.8814,44.318,83.5536
202,76.086,24.1455,62.4142,116.3926,26.3116,54.8788
203,60.7824,52.9435,27.478,109.1138,47.489,29.9685
204,64.0605,,30.157,74.4872,,32.568
205,,73.2551,,56.1975,40.0158,61.0875
206,54.3063,37.7415,28.961,119.3381,34.7679,31.3152
207,53.3836,35.5669,38.0608,107.4055,29.2923,47.131
208,37.9171,65.4631,60.4365,44.9357,52.3232,88.6798
209,25.1548,115.6145,18.4845,39.7253,36.8505,28.47
210,38.6731,115.9901,41.2068,37.9453,65.9851,40.4113
211,27.0453,36.883,58.9296,36.5054,60.365,113.7553
212,14.1975,76.9391,64.7768,15.6403,62.4016,96.0677
213,42.2121,56.8392,50.1417,59.3707,40.8174,79.4566
214,25.4166,31.164,56.4811,21.9828,36.3946,133.3544
215,,116.5538,,29.9997,,54.7179
216,54.7354,108.9832,22.9992,58.6659,64.6793,24.1255
217,46.8152,34.6924,58.9559,56.2633,29.9373,102.2719
218,17.1616,26.2377,49.0106,13.3987,34.2597,143.6448
219,39.4925,40.9655,23.593,107.4698,25.9197,36.8912
220,,55.7801,,20.9353,28.9063,
221,72.0718,31.8916,50.332,119.0073,35.0828,45.0362
222,53.4341,74.8806,64.8075,59.8755,63.6948,77.0253
223,17.5475,95.9159,24.5058,35.2868,31.2746,52.6296
224,35.4951,99.4228,32.5578,47.8614,50.5755,43.4143
225,32.9665,,25.9573,,47.2198,
226,65.4129,40.1001,74.701,69.6022,38.6753,96.1599
227,68.8159,83.1076,,81.4134,,
228,37.5146,116.138,56.643,34.0152,77.7564,50.1116
229,33.6283,48.5134,63.5113,35.5001,45.5947,110.199
230,,24.5583,53.1513,,,98.7295
231,15.338,76.2705,73.0854,15.8607,70.0837,98.6883
232,16.1282,115.7999,11.1074,39.4712,23.1679,26.1587
233,70.694,22.0881,37.9566,143.8723,37.0077,22.5966
234,62.4617,,44.593,68.6508,,47.5138
235,38.3906,,,39.1703,79.3818,79.5703
236,53.4579,118.2701,66.7236,45.4188,96.5611,54.5257
237,12.3297,91.8617,59.6134,14.1549,60.779,81.0755
238,26.6735,57.3637,43.0067,41.158,35.057,90.043
239,24.6147,100.5133,16.2476,51.365,31.6186,31.6495
240,76.9668,82.9929,,94.2615,75.8464,
241,71.7686,,30.2709,,46.503,
242,66.4976,35.3838,65.9163,83.6625,32.2951,81.6712
243,40.5771,110.4072,,,,42.4217
244,69.8385,49.3993,21.5186,121.799,56.9941,19.396
245,,66.2681,67.598,,60.7906,75.8485
246,,,58.5949,,45.903,69.0813
247,12.1025,56.5426,75.8056,10.77,69.4011,120.2236
248,74.5168,78.2129,60.4581,81.8452,72.3685,63.3329
249,24.3128,63.0182,,,,39.1724
250,43.5683,48.1194,16.1695,115.0779,34.5105,21.4668
251,54.0839,88.704,60.7867,58.1472,72.4051,66.2641
252,13.3124,24.201,24.7488,23.5415,13.6699,133.4327
253,12.6771,116.3939,,13.9019,,54.9397
254,57.1377,101.5619,27.1375,64.2281,66.0402,29.2755
255,58.9207,43.2133,32.8785,112.5889,39.4314,35.8186
256,45.9502,,,62.1116,,79.2237
257,52.5124,37.7065,30.6191,115.3834,32.491,35.4449
258,71.1468,106.0112,43.5728,65.6408,86.8932,41.5683
259,67.618,113.5461,27.5045,59.291,80.3778,25.43
260,37.1485,47.5036,67.5045,,,111.3612
261,29.8134,74.9788,100.1869,99.5888,20.3505,17.8399
262,34.9606,26.8094,74.564,21.5667,44.6751,141.804
263,16.5544,,,19.5584,57.9959,84.4434
264,22.7281,,,,34.1962,80.4565
265,39.1057,32.5524,42.469,68.7822,21.3503,86.2765
266,30.3277,45.8244,40.2208,51.4399,27.5896,90.3526
267,134.0905,88.8022,18.2929,61.3512,12.6378,66.5399
268,74.9716,100.4919,59.8826,71.7832,91.2616,58.2926
269,48.994,67.2998,16.0598,98.0404,44.6759,21.2834
270,48.205,116.8627,51.6509,42.27,81.4124,45.036
271,22.2586,98.5102,17.6265,48.3087,30.1105,36.6524
272,27.4988,,73.5685,28.6065,68.3403,
273,67.0781,42.7457,20.723,128.3617,52.8706,17.5323
274,50.1988,21.0624,,45.3635,22.8312,
275,73.1622,71.5496,36.8509,94.3253,65.5778,38.6684
276,79.1241,106.7738,56.6504,71.5651,97.6439,53.8
277,51.1786,,64.0623,,93.9092,
278,69.3979,76.2054,50.3782,41.8491,126.5176,74.6428
279,77.8395,44.6412,51.2321,111.5516,47.6064,47.8871
280,40.096,,29.22,55.1344,,38.4537
281,14.3017,25.5694,42.2483,12.3597,29.8745,144.3674
282,26.9922,22.5635,60.1171,17.1662,36.1613,145.6792
283,57.6312,88.5605,42.4291,67.7439,65.828,47.6705
284,64.6698,32.141,77.7936,61.9379,33.019,107.4018
285,34.5121,52.061,58.1737,40.8687,43.0709,101.1162
286,21.5982,104.539,43.4005,26.7797,52.2612,57.2487
287,,,57.4799,84.308,,60.9763
288,67.5908,75.8824,34.0934,,,37.3049
289,47.0392,114.6551,49.0235,42.9413,77.5017,44.6526
290,38.5536,25.5486,,53.4937,19.5363,
291,24.4294,111.4089,,27.8075,55.6254,
292,42.6583,98.5124,13.5676,68.0541,46.2625,18.7301
293,69.808,64.5457,19.1886,107.5197,62.705,19.5091
294,31.4802,117.0487,29.2824,36.6871,51.1197,34.0272
295,,,24.2935,117.9094,18.7521,37.4092
296,37.6888,41.1735,62.0035,39.8216,38.9396,112.3469
297,63.0996,91.5517,76.6831,63.4296,85.3704,77.4057
298,,,56.2913,80.6566,,59.5549
299,19.5167,78.8591,13.4782,64.4197,21.3096,38.9969
300,71.7579,77.8587,78.638,73.9257,75.0777,82.7133
301,,,54.123,75.309,,59.1738
302,69.276,117.9337,18.0996,57.5016,78.4491,16.269
303,66.8334,28.5647,18.2782,145.6549,51.1855,11.0965
304,10.1943,,77.4677,9.3542,,63.698
305,25.7723,98.2836,69.9383,26.3836,75.5185,73.745
306,66.2111,52.0273,45.5456,98.3887,46.8134,50.5104
307,40.5626,70.303,54.873,51.0308,51.9478,77.9238
308,26.9808,102.8989,35.3421,36.4792,48.0606,49.2906
309,22.557,70.9632,68.9658,23.9326,63.3685,99.2355
310,64.4139,,,,78.0221,23.6346
311,17.7275,87.6043,34.7853,29.7187,37.8557,68.254
312,,63.9736,,83.4117,54.0724,
313,,,77.0648,38.233,98.4102,61.067
314,38.0196,,43.5062,58.3034,40.0964,
315,71.9129,25.8794,11.8398,151.7863,61.3579,5.8568
316,41.8163,110.4016,23.7382,50.6292,53.9376,27.8233
317,30.6998,72.6492,34.2255,53.7173,37.1944,62.6318
318,38.9442,88.1364,10.5131,79.0267,39.7867,16.5573
319,63.8583,67.5244,77.416,66.8171,,
320,33.5888,78.8594,48.0331,44.7321,50.4667,71.0649
321,20.5263,116.0147,20.0745,,,33.2591
322,23.387,63.355,18.0145,72.104,21.8899,47.8516
323,30.5097,102.5263,,39.6714,,
324,,,78.6348,,34.6178,93.947
325,54.9548,69.9121,60.3857,64.895,58.1149,74.0659
326,79.4674,110.6321,50.8164,68.6009,98.8028,47.2276
327,34.4796,28.9193,50.8666,39.9634,25.2278,118.3496
328,30.5345,94.9015,78.1368,30.7203,82.2654,79.7417
329,68.8486,93.3768,69.0518,69.0407,85.5434,69.2459
330,53.8845,,27.7192,,65.8676,29.0859
331,15.9834,54.4962,18.7073,55.0162,15.8786,72.616
332,67.4665,40.1463,14.9647,134.3982,56.4583,11.5223
333,,67.9278,79.7021,14.562,74.3855,
334,45.8306,22.6892,23.2287,140.3047,25.67,20.5604
335,95.8168,106.2699,161.4297,19.0005,6.2769,61.8785
336,72.3277,25.6768,35.843,141.4634,41.503,22.5125
337,,110.6719,,62.563,83.1978,
338,53.6141,99.5931,42.4498,57.8252,69.6857,45.2059
339,37.0404,111.7767,17.0469,51.3311,45.7629,22.3319
340,30.6217,57.9447,47.4133,43.7706,38.6132,89.2265
341,55.051,38.0383,75.2429,52.3602,39.6293,110.8974
342,45.9235,106.3071,71.1168,43.6234,88.0363,65.3194
343,,,51.2807,67.5628,34.791,81.145
344,55.6182,,64.1137,60.6518,,108.1574
345,,95.7101,38.044,74.8845,,
346,55.5381,103.1706,37.0949,58.543,70.2423,38.6093
347,43.4591,77.9861,,45.2365,,88.4767
348,78.1588,55.8198,11.4035,121.6156,71.9491,9.9061
349,45.8156,101.3777,42.7613,50.6189,65.4391,47.039
350,65.3856,88.9926,73.0753,66.5755,82.1521,74.9245
351,,103.6729,,64.452,,42.9494
352,13.4016,98.8263,59.4976,14.9758,62.412,73.8688
353,59.2837,75.6323,45.9803,75.2628,59.4457,53.9918
354,55.4537,102.0733,13.1986,69.7461,59.1524,15.074
355,40.0031,71.0191,34.3943,66.8285,41.3927,53.8874
356,42.0671,66.9823,79.468,42.1209,66.8425,100.2065
357,21.8286,88.2796,73.8653,,74.4134,
358,53.9696,35.7858,39.6116,105.4116,29.3757,49.4683
359,37.5208,67.1465,68.9681,40.5744,59.6403,94.5821
360,54.2576,21.0114,79.856,33.3876,31.9272,138.1332
361,38.9383,48.4105,59.0161,46.1172,40.7052,100.5222
362,,77.5732,,49.9837,32.8541,58.6687
363,76.8902,65.3532,54.9657,93.0676,62.4339,57.089
364,46.2358,102.0183,57.9832,46.6758,76.1602,58.6609
365,131.0963,91.9969,67.0617,78.5934,95.9692,47.7026
366,52.4441,41.6926,53.5165,75.3236,33.0298,78.8494
367,41.1924,,68.1456,44.3947,,80.3752
368,63.5433,111.7854,36.0538,57.4404,80.5239,33.6468
369,34.0219,85.2441,68.9312,36.3836,70.0475,81.6186
370,78.1315,90.8168,79.6245,78.1781,88.6639,79.6779
371,34.6923,90.6291,38.1295,47.9924,49.9905,53.7143
372,54.1447,54.4433,27.1051,103.0365,42.5955,33.2069
373,68.4359,104.0037,11.9504,71.8234,71.7613,12.2125
374,76.1316,59.105,45.0537,102.3571,58.5233,45.4087
375,60.6142,112.7814,11.2166,62.0421,65.4375,11.3725
376,69.1864,,,69.079,76.0438,22.4564
377,62.6938,78.3488,43.1145,78.1539,62.7724,48.8324
378,,61.1449,,21.1914,39.4777,
379,46.2907,54.5943,49.7587,66.44,39.9977,75.4589
380,10.7793,,,6.9997,41.8848,
381,,116.8607,,,71.6687,18.146
382,40.9863,29.2546,31.6741,105.7871,19.4562,50.3886
383,21.5413,102.5518,23.271,39.1139,34.6181,42.7512
384,44.7084,31.4808,67.5922,40.6192,34.3537,121.1804
385,61.4109,116.7266,47.5016,51.69,88.1594,41.2134
386,39.1943,51.6556,75.0358,37.4332,54.6283,111.6866
387,,,,118.6615,23.3917,48.8372
388,77.6257,59.3208,66.0482,90.4421,57.1488,69.3246
389,14.1898,69.9952,67.0799,14.9894,62.9477,103.6394
390,22.2209,103.6328,70.5684,22.154,77.0609,70.11
391,134.241,76.1139,48.2169,68.5842,178.81,43.7066
392,,90.2482,45.2887,62.2217,,
393,72.7376,94.2429,45.9288,74.5983,81.0459,46.4976
394,,,39.9624,40.9549,49.3304,
395,30.2674,113.347,29.3273,37.7729,49.0687,36.529
396,34.4749,52.5039,62.9158,37.8902,46.9914,104.9831
397,40.6184,43.0466,28.74,96.6959,26.579,47.185
398,77.7172,88.9582,55.8638,80.3501,82.2943,56.6273
399,59.4293,97.927,25.9853,68.8697,66.0988,28.337
400,,,35.3501,22.3866,36.7163,
401,15.9551,112.3741,22.0697,29.0182,31.6016,41.5334
402,39.7667,65.6894,20.2594,88.1219,35.6799,32.7546
403,33.4397,45.4535,64.9628,33.5396,45.3004,114.7115
404,75.4886,94.8268,46.8916,76.1072,83.5829,47.0593
405,72.3007,64.5824,11.7491,111.4701,67.6097,11.4734
406,60.0582,95.056,27.2631,71.041,65.8773,29.997
407,33.269,77.3671,65.2978,37.0348,62.7157,85.9272
408,38.3084,104.6661,49.3271,40.6913,66.8977,52.9112
409,49.8866,84.6466,50.2728,59.4215,62.1815,59.9743
410,53.5317,66.665,41.0078,78.5449,48.8871,53.0995
411,33.829,65.4416,50.8472,45.4716,45.2571,83.2267
412,40.2432,89.4886,17.4148,70.9596,43.1097,25.9715
413,36.9679,24.9255,63.2447,28.4412,32.1509,134.9952
414,17.5517,111.5045,50.4632,19.2003,58.5548,57.2509
415,88.4236,38.6092,85.1638,116.5031,135.603,47.5495
416,37.4446,27.4359,14.141,139.6113,25.6155,15.0922
417,48.7106,109.4143,22.1958,55.8597,58.8946,24.5901
418,64.0007,85.0149,13.2911,,,
419,16.9438,,,33.6682,,82.8065
420,33.1784,88.1415,33.2067,50.9616,44.7639,51.015
421,46.4951,50.8374,27.3002,99.2202,34.732,38.622
422,36.2787,84.3903,14.1699,76.5105,37.271,23.7219
423,71.3101,87.7667,34.8255,80.8359,73.493,36.5252
424,36.4794,42.7589,57.1317,42.6325,36.5809,106.8951
425,,,,57.2793,45.0138,84.3018
426,,58.4646,,83.7424,,45.4371
427,37.9536,62.4075,26.2029,80.3609,33.5647,45.0567
428,71.1561,47.3143,45.3498,107.6348,46.8855,45.756
429,,113.193,25.2814,,,24.784
430,35.9739,58.884,36.8573,64.2527,33.9405,66.8889
431,,29.9225,54.384,56.6745,,103.4994
432,69.1242,44.8071,21.9285,,,
433,,,20.8561,92.0346,15.3019,
434,,56.6111,16.5931,93.1542,25.2548,
435,21.1564,108.4617,72.9255,20.3084,80.5277,66.8183
436,15.682,20.1398,61.1339,7.3587,46.6042,155.4822
437,51.6138,40.7215,18.948,125.1638,38.7201,19.795
438,18.327,108.1449,,,,66.0869
439,,69.0344,18.5523,95.0887,46.9155,
440,67.566,108.5123,76.3376,63.336,101.2469,69.962
441,40.0819,99.6178,60.2591,41.4936,73.3721,63.308
442,33.6307,51.3402,57.7537,39.7713,42.5344,102.3339
443,22.687,46.8767,18.4693,81.472,16.5386,54.3193
444,29.1448,27.3431,51.8339,28.0768,28.3781,130.553
445,29.084,49.3524,48.2188,39.9256,35.0758,100.0846
446,13.7259,72.5323,32.7525,25.9222,31.1816,85.3696
447,41.9892,42.5329,78.7222,35.5649,51.0374,121.5024
448,45.4416,93.0768,12.7765,74.8637,47.4833,17.4336
449,78.9459,107.8729,62.3744,71.6653,100.2514,58.9722
450,11.9253,45.9999,,22.2479,,
451,79.122,85.5001,79.7023,80.0408,83.7111,80.6795
452,20.6723,100.3652,72.0934,20.8909,76.866,73.9817
453,,69.3303,15.6812,99.5536,,
454,58.599,101.3815,21.8209,67.2991,65.097,23.6877
455,65.0257,96.258,70.0676,64.4583,87.0741,69.3437
456,40.3287,22.3884,49.177,53.0062,17.9763,110.9468
457,43.1712,38.8082,,,40.3215,
458,77.3255,68.0724,34.8475,100.86,67.1547,35.1119
459,28.3857,,,32.7516,21.2083,127.3757
460,28.3331,75.1168,76.8888,28.9375,71.4345,96.8174
461,11.5357,106.0486,48.9157,13.9299,52.9707,65.1427
462,19.8326,70.7325,68.7034,20.9665,63.5151,100.6874
463,42.314,22.6118,40.4968,88.309,15.0075,74.6324
464,30.8706,59.6526,58.7025,36.4839,48.1331,98.0286
465,23.5649,89.3849,16.8323,56.8284,28.5285,37.3207
466,42.5623,33.1728,25.8442,116.985,24.5392,35.052
467,22.1264,98.8351,33.2618,33.7767,42.024,54.0536
468,42.3721,80.4211,73.7049,44.4411,71.6432,85.7039
469,56.2349,66.2117,31.8909,,49.5302,
470,29.4454,48.9994,79.7682,24.8885,61.831,122.5965
471,65.1964,40.8449,14.4622,133.3364,54.7102,11.5431
472,13.3206,105.1171,24.7789,25.689,30.8714,52.0501
473,33.1841,61.2805,35.5593,60.3937,33.5097,67.4869
474,61.0575,88.8224,,,72.8855,
475,50.2882,44.7194,67.1275,55.198,41.2385,100.4266
476,48.9142,97.7789,33.0036,59.2938,60.2924,38.4144
477,70.9581,89.9918,75.4583,71.5279,85.2936,76.2254
478,41.8222,66.4794,55.8662,52.5971,50.325,80.4267
479,,108.5567,,16.2269,,57.9774
480,74.5811,102.5755,28.1857,71.7321,82.2292,27.7279
481,64.5141,55.1216,64.2249,77.5852,49.3118,76.9707
482,66.141,36.4594,11.5663,139.6414,57.0606,8.1619
483,,67.3624,,54.8738,53.53,80.5337
484,74.9187,105.6381,35.1579,68.6947,86.3968,33.753
485,67.2221,48.6971,15.0219,125.1344,57.8821,13.2909
486,,39.6504,,,59.831,8.0029
487,36.8594,100.5741,11.2345,65.8936,40.2411,17.2453
488,51.1546,,15.1147,122.7055,,16.3626
489,36.0738,37.5785,59.3459,38.1355,35.5567,115.5532
490,48.1789,59.1465,63.8185,,,
491,19.0529,116.7303,34.4374,23.9747,45.8508,44.7412
492,,34.5712,26.1678,,15.8431,66.4351
493,14.743,71.4216,50.3301,19.2016,47.1754,95.8466
494,,,,82.5741,77.9949,57.3056
495,19.2836,106.5702,,22.2462,,
496,45.8406,86.8777,39.209,60.2082,55.6322,49.8808
497,23.4074,36.004,20.622,84.5139,13.5683,61.9454
498,36.5475,79.9618,59.1614,42.6495,59.9376,77.6556
499,57.761,,32.3608,57.4589,,32.2397
500,31.1058,71.3103,77.6346,31.4264,,
501,39.4634,96.3577,,45.0173,63.2598,
502,30.1353,73.0538,66.3566,33.2118,61.2565,91.9332
503,46.7732,87.5425,11.7301,81.5115,47.3953,16.0189
504,10.5455,94.0825,40.0925,15.8469,41.953,73.9274
505,,82.8128,,70.7591,54.867,42.5924
506,15.0174,31.5532,22.6925,38.7573,12.5089,111.2404
507,57.0627,83.1783,47.0076,68.4126,63.661,54.1348
508,60.2329,29.6946,10.3039,146.6381,51.439,6.5066
509,58.4923,32.5918,66.4947,67.2303,29.8711,97.3536
510,,,21.8192,111.0003,,23.7532
511,60.3099,,57.6598,,,60.2128
512,57.106,72.2609,45.837,75.1971,55.813,55.6875
513,39.2905,24.1538,48.2569,53.353,18.8419,109.0289
514,52.6345,72.4214,37.3369,76.8339,51.0888,47.9916
515,,110.1381,,,65.2433,51.8411
516,57.8218,47.9962,60.9677,73.1272,41.0906,81.3223
517,24.5362,24.5621,14.4713,128.7172,12.7816,28.0036
518,65.8614,,51.7249,,49.6225,59.3388
519,38.597,62.9708,,,,71.6718
520,39.7197,44.9531,65.8215,41.1594,43.3143,110.0199
521,16.1123,106.9462,,15.8744,,68.4833
522,64.5731,110.4108,39.2748,58.6513,82.3578,36.7706
523,32.8813,35.9459,61.7843,30.9139,38.3403,123.5029
524,20.4573,79.3197,75.4218,21.0918,72.6315,94.813
525,74.2528,115.328,20.1316,61.1122,83.506,18.2463
526,52.1483,53.549,16.1919,113.746,43.9374,18.8602
527,77.7234,,,91.6892,76.2486,20.9908
528,41.3419,76.1697,21.3468,78.8669,40.8213,32.7314
529,67.7363,30.7806,,,28.8857,64.3601
530,74.4511,63.6731,32.1583,104.2337,62.9769,32.3792
531,77.7843,,70.8919,85.604,63.3431,
532,65.0828,21.313,11.8345,156.0047,54.1526,5.2764
533,42.0177,23.1138,46.0699,67.6672,16.5033,95.5988
534,69.1677,95.6751,45.5014,71.0991,79.4357,46.2207
535,49.0829,35.8958,31.2883,112.4391,28.6426,39.4376
536,21.1678,93.3674,17.6264,49.9892,28.0761,39.9621
537,32.9582,50.4207,60.0969,37.0932,44.0459,106.0503
538,68.9375,76.4514,37.6839,87.0545,65.2879,40.8594
539,76.3361,114.2048,69.8212,67.9402,107.005,63.5397
540,56.8097,46.618,60.8031,72.0127,39.7527,82.8133
541,,64.0418,26.605,,,34.1944
542,76.1452,94.9653,26.5278,79.3359,79.8213,26.8766
543,13.8924,25.2566,21.3094,34.2477,10.4883,121.5936
544,35.5969,33.3494,28.2882,97.6206,18.8351,53.8011
545,43.8228,95.3241,77.8324,43.805,84.8788,77.7467
546,55.4442,95.2997,66.8664,56.0791,81.2055,67.9038
547,64.2861,50.0965,26.7487,114.9011,49.6406,26.9432
548,35.7427,,45.7516,49.1688,,
549,63.6561,26.7454,43.7744,123.8856,29.065,39.857
550,22.4286,62.9629,43.4163,33.7121,37.7555,91.0905
551,51.1225,42.7648,75.4105,48.7563,44.6674,110.8176
552,24.1115,70.3644,37.5773,40.6679,36.1865,76.6113
553,13.6825,106.6686,68.1311,13.7367,72.6056,68.693
554,138.0279,58.1627,58.7006,97.3983,121.1336,42.0953
555,,,76.2498,32.5357,82.0782,
556,40.5228,48.98,51.1429,56.5064,36.0036,88.1343
557,13.8032,97.26,59.9362,15.4628,62.587,75.2684
558,28.0997,101.3841,46.7842,,57.5691,
559,23.3858,27.8392,18.926,100.4847,10.8656,53.4673
560,43.8325,95.3142,,,61.8851,52.0733
561,,112.7222,,58.7187,86.826,36.9906
562,72.0732,93.0092,,,76.2615,
563,54.8935,108.8784,67.6853,50.7462,91.5194,61.1227
564,46.6189,80.7578,31.0019,70.5224,49.5447,41.9221
565,32.8804,85.2732,22.2414,62.9335,37.4151,38.3786
566,13.0809,113.77,45.879,15.1924,52.2206,56.2243
567,,103.196,,67.8543,76.9348,28.9854
568,,57.8336,,77.0458,53.7762,80.7502
569,30.9514,49.1548,45.5532,45.9249,32.7892,94.2649
570,64.4547,97.8162,,,77.2995,45.6422
571,21.4422,70.3015,63.6703,23.8208,58.4478,98.0308
572,39.1916,102.4578,34.7409,48.0975,55.9999,42.1597
573,,,20.2596,,19.0011,22.9907
574,47.3251,105.318,13.5404,63.8903,52.1554,16.616
575,56.3169,68.6793,39.0692,81.5869,51.5914,48.5267
576,52.2782,67.6126,46.9191,71.7548,50.3619,61.2782
577,46.336,89.1475,36.0643,61.1939,55.636,45.4863
578,27.1383,39.0874,55.2545,28.5111,37.0504,120.699
579,10.4428,110.1118,63.6971,10.6027,67.6722,65.5095
580,,,39.9636,24.9234,40.2713,79.3272
581,,58.6298,18.098,84.1641,,41.0233
582,68.5284,59.3238,60.2525,84.1341,53.5704,68.1382
583,17.9906,115.8747,23.7852,,,38.8808
584,20.3538,71.1868,73.451,20.7986,68.0023,101.8723
585,18.1517,76.1699,77.2386,18.382,73.5887,99.161
586,70.194,31.8014,57.122,106.78,31.1884,58.7182
587,65.7542,26.2185,33.9059,138.1543,37.1442,24.0884
588,58.1517,92.8823,43.065,65.2272,69.1243,46.876
589,17.8315,77.5441,25.2757,40.773,27.249,65.5877
590,51.0371,,,81.527,,26.0843
591,57.3715,84.2729,22.8844,81.0316,58.0329,27.1357
592,54.6887,112.8585,64.9398,48.8173,92.4254,56.665
593,,77.786,,89.0472,,48.4947
594,50.1486,106.9391,68.7915,47.2735,,
595,28.5901,25.884,23.0602,104.0277,12.4348,52.572
596,56.5557,100.9181,27.7532,64.1757,65.5355,30.1547
597,14.4197,84.8216,59.2427,16.8128,59.0288,86.5075
598,27.0186,63.7335,58.5395,31.8801,50.4734,97.3892
599,60.8793,108.282,30.4149,59.8042,73.6835,30.058
600,43.8143,83.1011,37.174,61.7213,51.3022,50.229
601,43.5705,116.3613,42.2339,40.8742,70.6867,39.656
602,60.4665,23.5502,78.7789,46.6387,28.565,124.9514
603,31.5069,111.9232,26.1334,41.359,47.1972,33.843
604,41.1527,76.7094,14.692,86.0136,39.9408,22.6111
605,18.1704,,29.7208,26.4823,14.0325,
606,42.1753,118.1107,72.7242,36.4559,94.7032,57.6819
607,26.1552,86.5164,41.9216,37.195,46.7042,66.386
608,72.084,69.9912,28.0057,99.0871,64.8825,29.163
609,53.0868,,,109.9766,45.0499,20.7741
610,56.4008,58.7532,67.4786,64.1061,52.333,86.0975
611,18.7206,57.1325,59.5401,20.3175,50.9309,111.1671
612,36.0484,22.1218,66.3952,22.9797,34.5848,142.5611
613,66.5758,27.2323,34.7001,136.6285,37.6933,25.2173
614,30.1109,63.294,57.296,36.4795,48.9204,94.2667
615,24.9306,74.5629,29.2943,49.5959,32.2474,62.1201
616,10.1095,39.4953,12.3903,54.7354,7.8587,86.4639
617,63.7058,84.9336,60.7129,68.7306,73.3962,65.036
618,30.6725,,46.5034,,,81.2888
619,39.9119,44.3825,57.617,48.1352,37.0564,101.4192
620,12.9856,71.8394,43.2723,,,
621,79.6047,95.2645,44.2413,78.9911,86.1983,44.1286
622,72.9187,67.7693,,97.1935,63.1074,
623,11.3923,95.0898,39.9302,17.0221,42.2285,72.0356
624,20.5683,105.7739,70.8648,20.2625,77.4862,68.6375
625,50.6757,31.6396,16.4904,138.0593,37.3838,14.1965
626,59.8863,78.6993,15.1433,,,17.564
627,,70.0818,14.8194,,18.5837,48.9874
628,26.1858,28.7849,60.1574,19.9337,38.5543,137.9218
629,,,17.7238,135.4272,22.7274,20.6126
630,75.6341,62.0609,14.061,,,
631,50.2766,83.7114,54.9539,58.1559,64.1538,64.7177
632,74.5344,70.6685,14.5733,104.8823,70.2231,14.6145
633,30.4618,88.1709,,,35.711,
634,37.4402,101.7719,27.0985,51.5774,49.4334,35.9467
635,14.652,26.2373,18.9029,48.5445,8.5809,106.282
636,14.7746,111.3746,74.219,13.9535,80.007,65.4947
637,74.9522,77.682,63.7194,81.4665,72.5616,66.6636
638,49.3306,101.3614,55.2247,,,56.2512
639,43.2112,21.4906,,129.833,19.0652,
640,34.5096,65.0668,32.7342,64.5325,34.683,59.5094
641,28.6236,38.7819,48.9135,35.7909,30.8686,113.0533
642,53.8881,102.8465,55.8167,53.2358,79.4823,55.1168
643,47.9546,,30.4455,,55.7908,37.7508
644,,,,53.1575,81.1425,82.7542
645,143.5505,50.5697,120.4314,91.0494,45.4566,69.0388
646,45.4141,97.6607,60.8067,46.9605,74.9588,63.6219
647,32.3664,52.7583,23.1146,85.4895,25.3088,46.9747
648,67.6611,47.9906,62.2344,86.0094,43.5464,72.6186
649,50.3176,60.5744,20.4339,101.0891,43.0838,26.4348
650,,111.2503,,47.5201,,49.6442
651,34.7833,116.1941,12.6593,50.2531,41.7409,17.1798
652,66.7402,,79.5387,67.9484,80.1098,
653,33.7772,45.0068,,67.7493,,74.5794
654,71.7514,78.1081,,,69.3655,
655,69.3077,29.0646,61.4525,100.0292,27.4845,67.615
656,29.9984,97.3035,78.5909,29.9268,83.7417,77.9912
657,66.464,79.5647,33.2641,84.9182,64.8507,36.5781
658,61.8286,101.1703,,72.0353,,15.2064
659,45.572,85.965,38.7378,60.7561,54.7274,49.8688
660,67.0928,93.2377,65.5804,67.767,83.4801,66.2067
661,,52.8802,26.1313,119.9301,,22.8529
662,,43.8074,,123.6658,,29.8182
663,72.8914,90.0273,,,77.2598,
664,11.7145,24.876,56.349,6.8305,45.8993,150.816
665,48.0112,103.8502,38.2623,,65.4749,
666,72.1493,105.7513,36.8157,66.9108,84.804,35.3887
667,69.7227,39.0119,74.2519,77.0539,37.2915,90.434
668,31.5005,31.1169,12.4206,133.1883,21.7371,17.4656
669,26.0505,107.6075,22.6971,41.7363,38.9611,35.7961
670,74.037,,,,78.8444,18.4986
671,73.1187,85.8545,11.9107,90.4654,72.6376,12.4551
672,64.7347,106.5702,74.6918,61.0358,97.8208,68.9303
673,13.7898,65.2468,43.0523,20.1453,38.9402,99.4712
674,102.8647,39.2459,116.4204,129.0121,132.189,18.2362
675,68.1493,38.7971,22.0831,132.3654,51.9143,17.4142
676,52.7866,58.8103,12.08,112.1064,47.3354,14.0912
677,,45.6574,78.1906,39.12,,
678,37.5744,114.4432,23.6219,45.3308,51.3144,27.8605
679,,,51.2363,79.152,,51.23
680,78.7107,58.5815,22.7908,115.2926,67.7591,20.9249
681,41.1678,60.6047,11.8034,105.7992,36.5864,17.3981
682,62.7738,52.9359,29.3923,108.8621,48.5747,31.4865
683,,69.0342,78.0016,,71.0438,
684,67.9344,117.6128,73.9537,59.7054,107.9971,63.558
685,79.0862,51.4352,77.4147,86.1694,50.3073,82.6261
686,44.815,,16.8601,100.5543,,23.8624
687,62.1785,66.9634,10.6443,107.3273,58.4923,11.5005
688,72.0125,86.2382,79.4883,72.8852,83.241,81.1021
689,51.3615,118.1146,,,89.2891,
690,43.0638,38.8138,78.6066,35.0055,48.2502,124.5552
691,64.0607,24.2603,23.5838,147.337,43.2062,13.8934
692,20.7407,119.0127,17.1884,35.1126,32.5771,28.6834
693,61.1158,60.8302,71.1063,67.3637,55.9313,85.7921
694,33.7895,26.4604,47.9566,41.1298,22.1318,118.5573
695,14.8187,91.432,62.5201,16.5463,63.8693,81.0642
696,45.4183,44.9731,69.8623,46.0345,44.3791,108.4203
697,179.676,20.9419,129.3175,18.1794,148.9667,150.0056
698,74.7377,36.0103,74.6295,85.2657,34.69,84.9203
699,35.3914,43.0872,41.5461,60.4699,27.0454,85.1307
700,16.8437,85.1113,45.1826,23.578,46.2012,78.2989
701,,,51.1983,73.5576,87.6232,
702,15.5124,119.6503,56.1887,14.8885,64.7696,52.9615
703,45.9479,53.0091,14.3417,113.2582,38.6698,18.4601
704,40.9152,50.8799,34.4509,80.3137,31.0288,58.3671
705,23.085,92.5229,79.5314,23.3414,81.3629,83.55
706,30.8251,31.5905,18.7805,117.0021,17.5339,34.0414
707,43.7451,,65.8298,38.0025,,54.3289
708,,,74.9488,47.1186,38.795,
709,75.0986,69.3893,36.3117,97.6715,65.8791,37.3946
710,,118.2834,39.6908,,89.5354,34.2232
711,70.656,25.1189,106.4754,144.7364,159.33,14.2866
712,15.4873,33.1208,54.3801,12.5926,42.0079,138.4169
713,76.6201,37.6182,63.9067,102.4508,37.4545,64.3459
714,20.5125,57.1447,31.5983,41.8352,26.1887,85.8126
715,55.1423,21.658,39.2762,127.0407,22.2969,38.0103
716,33.5543,82.8007,21.0128,66.8768,36.6034,36.6284
717,60.1328,101.3241,20.0468,68.7498,65.8297,21.6177
718,38.7491,87.2087,36.3533,,,50.8751
719,50.7308,86.6294,39.0077,64.8387,58.6341,47.3814
720,17.9801,73.5822,58.956,,,94.9475
721,42.9072,58.6336,58.5214,52.9016,46.7885,87.6124
722,52.5161,,34.2877,,,45.1505
723,,55.9382,77.3095,,,115.8126
724,21.8892,64.0087,14.5777,77.3148,20.0897,41.1964
725,76.9436,46.8027,59.7834,101.1813,46.3771,60.4846
726,68.8084,43.8795,43.7126,110.0584,43.4723,44.1233
727,66.6252,55.4628,36.7764,103.3404,,
728,59.4964,65.6755,13.4233,106.1509,54.8224,14.9989
729,59.6516,,48.0843,76.4787,57.5505,
730,69.59,34.1727,25.012,136.5259,49.9183,18.0827
731,,52.9179,17.7706,108.3179,,24.3957
732,24.3496,,,47.9053,31.3849,
733,59.728,40.9097,52.4971,89.7407,34.4424,66.7177
734,60.3056,30.4225,65.7448,71.8825,27.5693,94.0396
735,58.2023,82.2501,63.0744,63.6079,70.0748,70.002
736,,,41.6409,,45.6694,53.5876
737,34.4202,74.0847,73.3724,36.0774,67.3829,93.4157
738,34.4711,41.8373,56.1384,40.0186,35.9514,109.3654
739,34.6233,67.2922,28.6466,68.9216,34.1749,51.9343
740,31.3942,64.5242,51.9038,41.3946,45.3324,87.3844
741,,,28.5871,,60.8269,30.6074
742,23.2047,94.2912,73.75,23.8052,76.7685,79.5668
743,51.3621,91.2813,,,,34.0723
744,72.4866,111.1104,46.0508,62.9114,92.2026,42.232
745,21.2803,119.8227,66.9103,18.7428,78.4982,54.5304
746,78.4768,91.5703,66.9947,78.7759,86.9415,67.1369
747,57.3242,119.9969,31.1676,48.7414,75.8679,27.5297
748,35.2896,64.3807,55.4073,44.4981,48.0065,87.1118
749,28.0304,30.2724,18.1749,114.9623,15.148,36.9945
750,,,31.0568,32.0308,,74.4802
751,38.5488,50.1177,53.6203,50.6115,38.2248,93.1604
752,74.8283,95.6335,34.396,76.758,80.652,34.7326
753,68.6722,72.0627,36.0566,91.1544,62.4265,39.1777
754,49.5535,73.6096,10.7653,97.0112,47.3568,14.0997
755,40.275,50.3813,28.8051,89.2646,29.8684,48.1832
756,,,,73.1714,29.9328,39.1663
757,65.8261,94.7044,,,89.0607,76.5854
758,40.6885,65.545,73.4808,42.3864,61.6827,97.544
759,36.6876,69.1717,45.8704,52.5528,44.6973,72.5143
760,,,79.6178,27.4684,,110.5688
761,,78.2459,78.4559,,,95.2137
762,,118.7169,47.3589,,,52.3543
763,34.4727,,,38.6825,,91.525
764,28.9083,75.0897,33.7898,50.6171,37.1837,62.7758
765,48.4693,99.0417,30.0009,59.6197,58.9782,35.1848
766,55.7727,88.4878,68.7638,58.0045,77.0515,72.9564
767,49.7808,106.4431,44.0174,50.4803,71.6899,44.5876
768,40.4687,22.7986,54.8152,42.2367,21.9712,122.1707
769,75.2692,26.4633,68.6579,100.2914,25.9779,71.3671
770,72.0763,99.7635,52.7482,69.9276,86.6834,51.7919
771,52.6813,50.9846,35.9864,94.5227,38.3045,47.4386
772,,,24.5238,74.7923,,52.4646
773,21.7224,41.8154,11.0518,110.5775,15.2827,29.0059
774,51.4667,53.7336,34.9714,92.0079,39.1308,47.0771
775,41.4322,113.3447,65.1516,37.5444,85.5775,56.6812
776,39.3822,86.9343,47.3525,49.2708,56.7284,61.4602
777,21.5094,91.6195,45.2193,28.7637,49.6102,68.679
778,20.4503,96.3435,52.936,24.2483,57.7295,69.7112
779,34.5503,23.4677,48.7063,39.3421,20.8705,122.8746
780,56.1525,50.0178,27.4381,108.8263,42.249,31.6774
781,102.6601,31.8149,59.0819,30.1885,60.048,129.9251
782,42.1575,98.1041,56.5911,44.7237,70.7806,61.0693
783,18.2273,28.698,30.8434,30.8556,17.029,122.7901
784,19.3951,41.7955,11.8693,102.3044,13.0926,37.239
785,62.059,70.1531,73.3959,66.3838,65.082,83.6695
786,13.526,24.6936,56.0889,8.0792,44.0457,150.0866
787,28.2956,115.2803,22.5217,39.2689,42.6231,30.7614
788,27.4493,83.9658,15.4518,67.5162,29.7436,32.2794
789,34.7588,83.889,45.3193,46.3129,51.6226,64.4024
790,,80.7093,45.5273,44.585,,
791,36.9403,47.2311,79.3941,31.8381,56.7545,120.3713
792,67.1227,70.7213,27.8945,95.7107,60.9283,30.3492
793,11.4645,87.2943,37.9297,18.452,38.8496,78.1943
794,,,26.4621,144.0847,,16.4014
795,,54.1737,,68.5981,47.8134,
796,17.5236,107.478,74.5332,16.9355,80.378,68.8131
797,44.4889,91.5252,35.228,58.6513,55.1116,44.6662
798,23.6052,67.5486,,,65.0195,
799,58.9529,55.7872,13.5654,116.1148,52.0957,14.2307
800,52.4349,64.9802,71.8021,56.5524,59.4113,89.827
801,49.8569,89.3723,58.0841,54.6207,69.6384,64.8697
802,53.9145,56.1546,35.1491,92.4687,42.2075,45.3754
803,54.221,26.5205,10.1074,149.3798,,
804,63.9614,33.0024,64.3438,81.9237,29.6231,83.3579
805,23.9888,34.0479,18.6179,96.902,13.2551,51.2215
806,,94.1164,,46.2186,78.4423,72.3632
807,75.1303,119.5439,38.0434,57.6071,95.2553,32.5744
808,55.43,48.2356,33.7321,102.9325,39.0631,41.0926
809,22.8307,60.9881,,23.1729,,108.8061
810,79.1929,102.0002,79.0266,76.9359,99.4857,76.7988
811,71.6849,22.9844,27.035,149.7497,47.3781,13.9576
812,63.56,115.267,31.8773,55.3477,79.8473,29.0239
813,57.4694,80.978,75.9142,59.555,74.9828,82.6597
814,33.8314,62.3305,64.1418,37.8405,53.4909,97.4557
815,68.5857,94.8412,63.6281,68.6818,84.7335,63.7041
816,14.1565,,56.5141,,,69.2364
817,68.6785,49.0313,55.9344,93.3289,44.7953,62.5934
818,67.8259,42.6209,66.3159,83.4582,39.1367,79.2573
819,72.0268,56.501,17.978,116.9976,62.9001,16.8056
820,61.578,22.9624,33.8659,139.8803,32.1711,24.098
821,77.6444,115.6345,56.0099,64.8397,103.3427,50.198
822,38.5037,114.5822,77.5772,34.623,94.8515,63.033
823,17.4442,,,32.4729,33.9121,59.8061
824,59.5415,104.0823,79.5726,57.3126,96.5764,73.7903
825,13.991,59.6121,10.056,76.7754,12.3707,44.6738
826,75.7752,98.1154,16.0433,78.2606,78.5601,16.209
827,23.795,,46.0568,,59.5049,
828,74.1447,29.6779,67.7898,97.5336,28.7137,72.5753
829,15.0365,35.8511,41.2657,17.603,30.1612,129.7511
830,57.307,100.0479,16.8211,70.2908,61.6708,18.8877
831,55.4991,76.2169,78.7805,57.1203,72.3743,88.3177
832,,41.8427,,47.3923,,102.6895
833,38.1096,35.3485,59.605,40.1021,33.6634,115.8064
834,35.6769,97.8145,38.7145,45.3927,54.2511,49.7723
835,30.7462,40.1891,55.5045,34.1069,36.0396,115.3146
836,,51.4566,,,50.1179,95.6687
837,50.0798,66.482,24.8806,90.6227,44.6903,33.2675
838,69.8768,20.5874,76.6725,68.1861,20.8324,105.8195
839,38.591,28.6889,31.1297,102.1212,17.8343,54.1286
840,129.3425,73.5306,114.3579,62.2304,172.5991,78.4514
841,41.2583,56.9349,,97.5221,,31.856
842,71.5515,52.7453,39.7576,107.5696,52.3721,39.9963
843,79.875,68.3577,67.5367,88.5142,66.2536,69.7893
844,70.9389,115.2007,47.6739,59.0705,94.4527,42.1429
845,43.429,47.9059,28.001,97.3649,30.9551,42.6331
846,25.3294,86.2842,45.0706,34.5363,48.8548,69.7476
847,21.5514,88.3319,57.0453,25.3615,59.008,78.077
848,,21.0764,,134.1107,,35.5976
849,57.8174,50.4087,54.4664,79.579,41.5404,71.0222
850,,,,82.741,52.8978,22.6292
851,37.0477,101.3862,39.581,44.5384,57.3602,47.8824
852,72.0944,33.245,,137.1724,,19.3292
853,46.0254,39.4001,48.0267,72.468,28.6224,80.0957
854,60.1955,76.6396,54.3178,71.2383,63.0774,62.4174
855,75.4728,38.6191,11.1803,138.9307,66.8755,7.5616
856,44.5315,84.3475,50.0262,54.2765,59.2758,62.5151
857,43.5201,55.0936,31.6458,85.4443,34.5072,49.4215
858,61.0542,61.5071,41.6254,89.2968,50.277,49.3785
859,47.2536,,55.753,57.0929,,70.9125
860,,34.735,10.0262,110.2123,,35.8593
861,70.3191,97.2714,11.327,78.9144,72.1326,11.812
862,54.0383,29.5947,56.6708,75.4234,24.3954,87.491
863,,50.7886,61.3048,82.8039,,
864,63.8632,,51.2479,101.4592,,
865,22.9263,34.7552,69.4907,16.4833,51.505,136.9837
866,39.4327,25.8543,66.8859,29.6811,34.0126,134.192
867,10.7229,55.9185,,,37.0599,
868,38.6134,114.4487,51.635,36.3147,73.593,48.0789
869,26.7356,86.6427,30.5553,46.1561,38.5127,54.5883
870,35.9743,42.7774,63.4127,36.9322,41.6021,113.8334
871,52.7615,68.4533,29.5727,86.5721,47.8864,38.2288
872,50.1377,90.4748,77.6705,50.7323,82.4929,80.1798
873,,63.5605,78.1771,55.5448,,
874,50.3862,,43.3152,85.4406,,62.5843
875,68.1142,83.84,39.7458,80.0542,69.496,42.7412
876,63.3739,86.8047,70.649,65.5227,78.7252,73.8585
877,,34.1038,,23.3155,49.4211,134.5866
878,70.5419,20.7009,23.9928,153.5632,48.4725,11.0694
879,45.4105,101.0434,95.691,64.1725,161.3537,42.1111
880,48.1897,99.6013,31.9625,58.0474,60.0141,37.057
881,13.7604,64.1867,52.2042,16.9166,47.3822,104.8368
882,46.2903,29.9214,38.4767,99.5288,21.4451,58.0898
883,61.4479,98.6749,33.8623,66.5685,71.1516,35.5938
884,37.7863,,54.3995,42.2811,,116.7748
885,30.269,20.3673,34.1987,61.6657,11.4967,101.0445
886,62.1259,,,,52.0464,24.1589
887,53.9633,75.7635,,66.0126,59.0815,
888,47.2169,72.4542,41.752,67.6836,49.1515,57.0727
889,72.6616,108.3315,69.832,67.0736,100.3155,64.9162
890,50.711,65.6801,27.3645,89.351,44.8559,36.4309
891,49.5954,111.2426,67.6043,45.2163,,
892,,70.5484,,42.9936,66.6017,
893,19.6863,99.9582,32.9197,30.6196,40.6494,55.2547
894,32.5223,,52.9255,,38.5458,
895,17.2978,67.6662,23.4965,44.7919,22.978,70.8542
896,,101.2666,15.1716,,39.9394,
897,,119.2267,18.2374,,,16.127
898,67.1515,78.2968,59.484,75.1302,69.0101,64.6265
899,72.8007,92.293,41.1208,76.8355,78.6022,42.0934
900,,54.199,,75.3928,31.5338,
901,171.971,118.122,167.6107,14.2598,94.4822,52.6725
902,23.436,,63.0009,,46.476,
903,74.6123,116.0802,78.2807,68.2259,111.17,70.5795
904,34.4645,,,105.8001,26.9012,
905,75.39,40.9928,79.5971,79.6255,40.1884,91.1124
906,60.8797,103.2779,28.7945,,,
907,50.4186,113.7474,37.5282,48.0415,71.5638,35.9968
908,43.1884,45.0943,50.3754,62.396,33.1617,85.8032
909,46.0356,45.6981,79.274,41.1949,51.4546,115.9656
910,,62.8227,,98.3652,58.2266,42.0085
911,11.2268,42.5746,70.9193,8.5119,62.8618,134.071
912,28.8744,55.2927,63.8724,30.8306,50.7667,107.6613
913,36.677,104.4237,20.5164,53.9906,45.6531,28.3363
914,122.746,60.3784,167.2263,73.9121,19.4883,72.0101
915,28.8767,91.3893,61.5525,31.9039,65.9942,74.2012
916,38.8362,89.0184,39.8982,51.9138,52.8083,53.6168
917,66.4216,,,68.1602,76.777,
918,37.2339,47.9072,24.4152,95.1204,26.7949,42.8758
919,30.6301,,79.3478,,,77.5062
920,18.8167,45.4246,66.4058,16.4763,54.1041,126.3107
921,46.9568,95.2818,57.9966,49.8238,72.2611,62.445
922,25.1173,83.7132,59.2113,29.2291,59.7747,81.206
923,,89.505,,69.5361,,40.6355
924,16.6945,83.5499,53.9011,20.7124,53.813,84.1466
925,75.7602,98.7751,23.9144,76.2226,80.5073,23.9656
926,46.5231,20.6303,18.9561,148.5948,29.3837,13.4896
927,,,,54.7329,61.3626,73.6016
928,,47.0669,78.3453,52.6073,,107.2255
929,42.9943,119.5576,34.6802,40.5702,,
930,74.9311,27.9989,13.4856,149.4638,63.1512,7.0482
931,25.1281,107.871,51.4813,27.1081,62.4919,57.0948
932,24.7411,78.9634,79.5367,25.059,75.8936,95.6194
933,39.5405,114.326,77.7428,35.6338,95.31,63.4165
934,5.8704,23.0695,91.6104,55.8668,40.8721,116.2485
935,21.2856,101.5423,59.8981,22.8868,66.1412,67.9479
936,70.3161,82.8921,50.3545,78.7985,72.2646,53.3423
937,,118.7749,57.5171,49.4581,,
938,,,15.1926,,40.3454,23.8767
939,51.8865,37.1992,43.6935,93.2201,28.4529,61.2363
940,64.7223,35.6252,67.4856,77.89,32.5948,87.2745
941,53.2106,114.4105,,,83.1139,45.4493
942,56.779,,,,63.4551,43.4357
943,16.8273,105.5806,72.1678,16.6063,77.3439,70.0199
944,79.1471,,,76.3602,92.7753,
945,59.1062,,,67.3591,,48.2621
946,74.167,26.8314,11.5727,151.0899,63.9274,5.7857
947,73.0855,76.4017,15.4561,98.5177,70.1006,15.9904
948,19.7723,101.6175,35.7689,,,
949,44.5828,79.8516,19.3865,80.1676,44.528,27.7712
950,,57.3897,17.3313,97.1489,29.9983,
951,,89.4136,20.1875,,35.5876,
952,63.4148,55.474,58.6215,80.8886,48.2602,70.4995
953,23.8127,,15.3057,115.9611,12.8159,
954,122.2639,108.3258,11.1971,54.9802,143.5412,39.4663
955,76.5118,27.3391,34.7449,142.2537,46.8463,21.0255
956,61.0177,43.1662,79.8276,58.6736,44.4732,106.0217
957,28.1421,70.3508,59.5128,33.1768,54.2648,91.1448
958,,111.3752,13.9253,66.0198,81.2916,
959,63.1212,87.2991,52.9784,69.3571,72.195,56.892
960,51.3569,,,58.5532,,84.2303
961,16.6712,99.2934,29.3058,,35.6404,
962,48.6997,44.5642,29.1554,,33.1601,
963,49.2364,83.8369,63.314,54.0119,68.5377,72.6506
964,17.4413,82.7924,,18.1817,,91.8672
965,70.9329,,45.0808,,37.5013,39.0332
966,12.8773,79.4207,44.8275,18.4089,43.9257,87.3655
967,16.7071,98.5138,62.62,18.0959,66.254,73.6206
968,,,78.9496,24.5983,39.6234,
969,32.0632,75.0332,58.3945,38.2768,55.8826,83.6336
970,51.5803,28.8579,51.5574,80.9705,22.5124,80.857
971,69.3634,86.0107,18.4402,86.9515,69.2104,19.7261
972,28.326,,60.0035,,,102.6869
973,69.7476,59.3105,49.2353,93.5802,53.9359,53.681
974,77.0409,110.6764,22.9427,66.0864,85.8491,21.4483
975,,67.5188,,93.9067,63.9543,
976,48.7683,100.6171,13.1291,68.9386,52.3813,16.3712
977,70.2013,66.5094,18.1247,106.2219,63.9867,18.5098
978,,112.7673,10.6351,36.4227,18.8153,
979,24.2429,34.5466,54.9755,22.8492,36.8442,129.2462
980,76.0331,39.1169,14.123,137.6327,65.3054,9.7552
981,71.836,68.0445,170.9114,41.686,147.2098,82.1018
982,46.563,84.3288,31.4124,67.6483,51.3776,41.5935
983,66.7134,42.3542,34.0014,118.9035,44.9819,32.2065
984,79.4618,98.5916,47.7311,76.4585,89.1789,47.0348
985,33.5602,109.0579,29.8199,,,
986,18.875,40.3575,41.5814,25.2787,29.3784,118.8297
987,74.4237,30.2635,19.4542,145.0675,57.975,11.4189
988,12.9366,92.2428,12.1252,46.3658,18.004,42.7708
989,11.0578,,78.082,,73.7649,
990,18.0815,106.6784,53.1862,20.055,60.1116,62.1967
991,,119.1949,,,82.1547,50.3884
992,45.5176,99.5716,57.1871,47.1256,73.74,59.6862
993,63.332,96.2475,59.8841,63.804,81.8899,60.2919
994,70.3687,119.9115,36.953,54.7352,90.7948,31.4083
995,62.9627,111.4545,,,80.081,34.1323
996,68.4683,112.6833,58.517,59.7596,96.5602,52.3745
997,27.9915,117.8247,48.3399,27.2673,64.9581,46.8256
998,72.2283,58.0865,70.3324,81.6955,54.7763,78.092
999,,39.185,,,25.8127,63.3667
1000,65.3997,,,59.8874,107.2318,69.237
